,Created At Date,2026-05-14,2026-05-14,2026-05-14,2026-05-14,2026-05-14,2026-05-13,2026-05-13,2026-05-13,2026-05-13,2026-05-13,2026-05-12,2026-05-12,2026-05-12,2026-05-12,2026-05-12,2026-05-11,2026-05-11,2026-05-11,2026-05-11,2026-05-11,2026-05-10,2026-05-10,2026-05-10,2026-05-10,2026-05-10,2026-05-09,2026-05-09,2026-05-09,2026-05-09,2026-05-09,2026-05-08,2026-05-08,2026-05-08,2026-05-08,2026-05-08,2026-05-07,2026-05-07,2026-05-07,2026-05-07,2026-05-07,2026-05-06,2026-05-06,2026-05-06,2026-05-06,2026-05-06,2026-05-05,2026-05-05,2026-05-05,2026-05-05,2026-05-05,2026-05-04,2026-05-04,2026-05-04,2026-05-04,2026-05-04,2026-05-03,2026-05-03,2026-05-03,2026-05-03,2026-05-03,2026-05-02,2026-05-02,2026-05-02,2026-05-02,2026-05-02,2026-05-01,2026-05-01,2026-05-01,2026-05-01,2026-05-01
,Shop ID,Orders Count,Refunded Orders,Orders with items removed,Removed Items Count,%orders with errors,Orders Count,Refunded Orders,Orders with items removed,Removed Items Count,%orders with errors,Orders Count,Refunded Orders,Orders with items removed,Removed Items Count,%orders with errors,Orders Count,Refunded Orders,Orders with items removed,Removed Items Count,%orders with errors,Orders Count,Refunded Orders,Orders with items removed,Removed Items Count,%orders with errors,Orders Count,Refunded Orders,Orders with items removed,Removed Items Count,%orders with errors,Orders Count,Refunded Orders,Orders with items removed,Removed Items Count,%orders with errors,Orders Count,Refunded Orders,Orders with items removed,Removed Items Count,%orders with errors,Orders Count,Refunded Orders,Orders with items removed,Removed Items Count,%orders with errors,Orders Count,Refunded Orders,Orders with items removed,Removed Items Count,%orders with errors,Orders Count,Refunded Orders,Orders with items removed,Removed Items Count,%orders with errors,Orders Count,Refunded Orders,Orders with items removed,Removed Items Count,%orders with errors,Orders Count,Refunded Orders,Orders with items removed,Removed Items Count,%orders with errors,Orders Count,Refunded Orders,Orders with items removed,Removed Items Count,%orders with errors
1,112730,21,0,0,0,0.00%,43,0,0,0,0.00%,33,0,0,0,0.00%,27,0,0,0,0.00%,51,0,0,0,0.00%,55,0,2,2,3.64%,50,0,0,0,0.00%,40,0,0,0,0.00%,42,0,0,0,0.00%,45,0,1,1,2.22%,31,0,1,2,3.23%,45,0,0,0,0.00%,62,0,0,0,0.00%,61,0,1,1,1.64%
2,1840,11,0,0,0,0.00%,10,0,0,0,0.00%,10,0,0,0,0.00%,15,0,0,0,0.00%,18,0,1,1,5.56%,17,0,0,0,0.00%,11,0,0,0,0.00%,14,0,0,0,0.00%,9,0,0,0,0.00%,8,0,0,0,0.00%,19,0,0,0,0.00%,18,0,2,2,11.11%,14,0,0,0,0.00%,11,0,0,0,0.00%
3,13641,11,0,0,0,0.00%,32,0,0,0,0.00%,28,0,0,0,0.00%,26,0,1,1,3.85%,33,0,0,0,0.00%,44,0,0,0,0.00%,43,0,1,1,2.33%,41,0,0,0,0.00%,27,0,0,0,0.00%,30,0,0,0,0.00%,36,0,0,0,0.00%,34,0,0,0,0.00%,50,0,0,0,0.00%,58,0,0,0,0.00%
4,43604,10,0,0,0,0.00%,55,1,2,2,5.45%,55,0,2,2,3.64%,44,0,1,2,2.27%,65,0,3,4,4.62%,65,0,3,3,4.62%,90,0,1,1,1.11%,54,0,2,4,3.70%,42,0,2,2,4.76%,57,0,3,3,5.26%,51,0,2,2,3.92%,66,0,0,0,0.00%,85,1,2,2,3.53%,74,0,2,3,2.70%
5,48521,10,0,0,0,0.00%,24,0,0,0,0.00%,26,0,0,0,0.00%,20,0,0,0,0.00%,30,0,0,0,0.00%,37,0,0,0,0.00%,33,4,0,0,12.12%,29,0,0,0,0.00%,23,0,0,0,0.00%,29,1,0,0,3.45%,30,0,0,0,0.00%,26,0,0,0,0.00%,33,0,0,0,0.00%,36,2,0,0,5.56%
6,112577,10,0,0,0,0.00%,39,0,0,0,0.00%,18,0,1,1,5.56%,33,0,0,0,0.00%,58,0,0,0,0.00%,41,0,2,2,4.88%,40,1,0,0,2.50%,20,0,0,0,0.00%,32,0,0,0,0.00%,31,0,1,1,3.23%,34,0,0,0,0.00%,46,0,0,0,0.00%,39,0,0,0,0.00%,31,0,0,0,0.00%
7,112732,10,0,0,0,0.00%,40,1,0,0,2.50%,31,0,0,0,0.00%,31,0,0,0,0.00%,42,0,0,0,0.00%,51,1,0,0,1.96%,56,0,1,1,1.79%,48,0,1,1,2.08%,39,0,1,1,2.56%,46,0,1,1,2.17%,40,0,0,0,0.00%,65,1,0,0,1.54%,77,0,0,0,0.00%,76,0,0,0,0.00%
8,14082,9,0,0,0,0.00%,24,0,2,3,8.33%,7,0,0,0,0.00%,14,0,1,2,7.14%,22,0,2,4,9.09%,21,0,0,0,0.00%,17,0,0,0,0.00%,14,0,0,0,0.00%,19,0,0,0,0.00%,10,0,1,1,10.00%,4,0,0,0,0.00%,15,0,0,0,0.00%,26,0,0,0,0.00%,30,0,0,0,0.00%
9,23721,8,0,1,1,12.50%,16,0,1,1,6.25%,10,0,0,0,0.00%,7,0,1,1,14.29%,17,0,1,1,5.88%,21,0,0,0,0.00%,13,0,0,0,0.00%,15,0,1,2,6.67%,18,0,1,1,5.56%,16,0,0,0,0.00%,18,0,0,0,0.00%,15,0,1,1,6.67%,22,0,2,3,9.09%,20,0,0,0,0.00%
10,101895,8,0,0,0,0.00%,27,0,0,0,0.00%,20,0,0,0,0.00%,33,0,1,1,3.03%,44,0,2,4,4.55%,36,0,0,0,0.00%,21,0,0,0,0.00%,38,0,0,0,0.00%,39,0,0,0,0.00%,32,0,1,1,3.13%,26,0,0,0,0.00%,39,0,0,0,0.00%,55,0,0,0,0.00%,40,0,0,0,0.00%
11,16172,7,0,0,0,0.00%,27,0,0,0,0.00%,18,0,1,1,5.56%,22,0,0,0,0.00%,59,0,3,4,5.08%,49,0,1,1,2.04%,41,0,1,2,2.44%,34,0,1,1,2.94%,30,1,0,0,3.33%,23,0,0,0,0.00%,31,0,0,0,0.00%,40,0,3,3,7.50%,50,0,1,1,2.00%,52,0,1,1,1.92%
12,112951,7,0,1,1,14.29%,28,0,2,2,7.14%,27,0,2,2,7.41%,30,0,1,1,3.33%,67,0,0,0,0.00%,48,0,0,0,0.00%,40,0,1,2,2.50%,29,0,0,0,0.00%,17,0,3,5,17.65%,21,0,0,0,0.00%,18,0,1,2,5.56%,42,0,0,0,0.00%,41,0,0,0,0.00%,35,0,0,0,0.00%
13,12379,6,0,1,2,16.67%,24,0,2,2,8.33%,25,0,1,1,4.00%,37,0,4,4,10.81%,25,0,2,3,8.00%,32,0,1,1,3.13%,30,0,0,0,0.00%,41,0,2,3,4.88%,29,0,2,2,6.90%,27,0,0,0,0.00%,33,0,1,2,3.03%,38,0,0,0,0.00%,61,0,2,2,3.28%,40,0,1,1,2.50%
14,12629,6,0,0,0,0.00%,37,1,1,1,5.41%,36,0,1,1,2.78%,43,0,3,3,6.98%,50,0,3,3,6.00%,69,3,3,3,8.70%,85,0,6,6,7.06%,42,0,1,1,2.38%,38,0,6,9,15.79%,38,0,3,3,7.89%,39,0,3,3,7.69%,50,1,5,6,12.00%,85,1,5,5,7.06%,69,1,3,3,5.80%
15,25174,6,0,1,2,16.67%,10,0,0,0,0.00%,10,0,0,0,0.00%,14,0,0,0,0.00%,33,0,0,0,0.00%,27,0,0,0,0.00%,18,0,1,3,5.56%,17,0,1,2,5.88%,15,0,2,3,13.33%,9,0,1,1,11.11%,15,0,1,1,6.67%,23,0,1,1,4.35%,26,0,1,2,3.85%,34,0,3,4,8.82%
16,26500,6,0,0,0,0.00%,9,0,1,1,11.11%,3,0,0,0,0.00%,,,,,,,,,,,6,0,0,0,0.00%,,,,,,6,0,0,0,0.00%,1,0,0,0,0.00%,6,0,0,0,0.00%,,,,,,,,,,,,,,,,6,0,0,0,0.00%
17,33574,6,0,0,0,0.00%,3,0,1,1,33.33%,5,0,0,0,0.00%,5,0,1,1,20.00%,10,0,0,0,0.00%,13,0,0,0,0.00%,9,0,0,0,0.00%,6,0,0,0,0.00%,10,0,0,0,0.00%,5,0,0,0,0.00%,12,0,1,1,8.33%,13,0,0,0,0.00%,14,0,0,0,0.00%,11,0,0,0,0.00%
18,42989,6,0,0,0,0.00%,4,0,0,0,0.00%,7,0,0,0,0.00%,9,0,0,0,0.00%,11,0,0,0,0.00%,17,0,0,0,0.00%,8,0,0,0,0.00%,2,0,0,0,0.00%,8,0,0,0,0.00%,6,0,0,0,0.00%,13,0,0,0,0.00%,21,0,0,0,0.00%,21,0,1,1,4.76%,8,0,0,0,0.00%
19,50324,6,0,0,0,0.00%,6,0,0,0,0.00%,5,0,0,0,0.00%,9,0,0,0,0.00%,9,0,0,0,0.00%,3,0,0,0,0.00%,6,0,0,0,0.00%,5,0,0,0,0.00%,4,0,0,0,0.00%,2,0,0,0,0.00%,5,0,0,0,0.00%,13,0,0,0,0.00%,5,0,0,0,0.00%,12,0,0,0,0.00%
20,439,5,0,0,0,0.00%,18,0,0,0,0.00%,15,0,0,0,0.00%,13,0,0,0,0.00%,18,0,1,1,5.56%,10,0,0,0,0.00%,14,0,1,1,7.14%,13,0,0,0,0.00%,12,0,0,0,0.00%,9,0,0,0,0.00%,14,0,0,0,0.00%,13,0,0,0,0.00%,17,0,0,0,0.00%,14,0,0,0,0.00%
21,486,5,0,0,0,0.00%,7,0,0,0,0.00%,6,0,0,0,0.00%,3,0,0,0,0.00%,4,0,0,0,0.00%,7,0,0,0,0.00%,8,0,0,0,0.00%,5,0,0,0,0.00%,6,0,0,0,0.00%,4,0,1,1,25.00%,4,0,0,0,0.00%,3,0,0,0,0.00%,6,0,0,0,0.00%,3,0,0,0,0.00%
22,4881,5,0,0,0,0.00%,1,0,0,0,0.00%,,,,,,,,,,,7,0,0,0,0.00%,1,0,0,0,0.00%,,,,,,,,,,,,,,,,,,,,,,,,,,3,0,0,0,0.00%,3,0,0,0,0.00%,1,1,0,0,100.00%
23,12988,5,0,0,0,0.00%,3,0,0,0,0.00%,3,0,0,0,0.00%,1,0,0,0,0.00%,2,0,0,0,0.00%,10,1,0,0,10.00%,10,0,0,0,0.00%,6,0,0,0,0.00%,1,0,0,0,0.00%,3,0,0,0,0.00%,,,,,,5,0,0,0,0.00%,11,0,0,0,0.00%,9,0,0,0,0.00%
24,16553,5,0,0,0,0.00%,19,0,0,0,0.00%,24,0,1,1,4.17%,31,0,0,0,0.00%,27,1,0,0,3.70%,33,0,0,0,0.00%,35,0,0,0,0.00%,21,0,0,0,0.00%,29,0,0,0,0.00%,18,0,0,0,0.00%,13,0,0,0,0.00%,32,1,1,1,6.25%,37,0,0,0,0.00%,28,0,0,0,0.00%
25,21075,5,0,0,0,0.00%,39,0,0,0,0.00%,15,0,1,1,6.67%,36,0,0,0,0.00%,27,0,0,0,0.00%,40,0,1,1,2.50%,41,0,0,0,0.00%,28,0,1,3,3.57%,45,0,5,5,11.11%,24,0,0,0,0.00%,18,0,0,0,0.00%,25,0,0,0,0.00%,22,0,0,0,0.00%,49,0,0,0,0.00%
26,21624,5,0,0,0,0.00%,17,0,1,1,5.88%,17,1,0,0,5.88%,8,0,1,1,12.50%,26,0,0,0,0.00%,38,0,0,0,0.00%,40,0,4,5,10.00%,25,0,0,0,0.00%,19,0,1,1,5.26%,18,0,2,3,11.11%,22,0,1,1,4.55%,19,0,1,1,5.26%,29,0,0,0,0.00%,42,0,3,4,7.14%
27,25013,5,0,0,0,0.00%,9,0,0,0,0.00%,16,0,0,0,0.00%,15,0,0,0,0.00%,17,0,0,0,0.00%,22,0,1,1,4.55%,17,0,0,0,0.00%,11,0,0,0,0.00%,21,0,0,0,0.00%,14,0,0,0,0.00%,21,0,0,0,0.00%,35,0,0,0,0.00%,32,0,0,0,0.00%,18,0,0,0,0.00%
28,42486,5,0,0,0,0.00%,23,0,2,2,8.70%,,,,,,,,,,,36,0,0,0,0.00%,35,0,0,0,0.00%,41,0,0,0,0.00%,29,0,0,0,0.00%,21,1,4,7,23.81%,,,,,,,,,,,30,0,1,2,3.33%,39,0,0,0,0.00%,51,0,1,1,1.96%
29,48105,5,0,0,0,0.00%,20,0,0,0,0.00%,29,0,0,0,0.00%,21,0,0,0,0.00%,34,0,0,0,0.00%,38,0,0,0,0.00%,38,0,0,0,0.00%,26,0,0,0,0.00%,29,0,0,0,0.00%,18,0,0,0,0.00%,28,0,0,0,0.00%,20,0,0,0,0.00%,38,0,0,0,0.00%,43,0,0,0,0.00%
30,54293,5,0,0,0,0.00%,20,0,1,1,5.00%,10,0,0,0,0.00%,28,0,0,0,0.00%,48,0,1,1,2.08%,40,0,0,0,0.00%,27,0,0,0,0.00%,20,0,0,0,0.00%,13,0,0,0,0.00%,17,0,0,0,0.00%,21,0,0,0,0.00%,34,0,1,1,2.94%,39,0,0,0,0.00%,31,0,0,0,0.00%
31,54674,5,0,2,2,40.00%,16,0,5,5,31.25%,9,0,1,1,11.11%,8,0,1,1,12.50%,40,0,5,5,12.50%,47,0,9,10,19.15%,30,0,5,7,16.67%,18,0,4,4,22.22%,19,0,3,3,15.79%,11,0,1,1,9.09%,8,0,1,1,12.50%,32,0,9,10,28.13%,37,0,6,7,16.22%,48,0,6,6,12.50%
32,100579,5,0,0,0,0.00%,10,0,0,0,0.00%,8,0,0,0,0.00%,12,0,0,0,0.00%,30,0,0,0,0.00%,45,0,0,0,0.00%,27,0,0,0,0.00%,12,0,0,0,0.00%,8,0,0,0,0.00%,12,0,0,0,0.00%,11,0,0,0,0.00%,24,0,1,1,4.17%,34,0,1,1,2.94%,30,1,0,0,3.33%
33,110746,5,0,0,0,0.00%,4,0,0,0,0.00%,3,0,0,0,0.00%,2,0,0,0,0.00%,1,0,0,0,0.00%,1,0,0,0,0.00%,4,0,0,0,0.00%,3,0,0,0,0.00%,2,0,0,0,0.00%,,,,,,,,,,,,,,,,,,,,,,,,,
34,113452,5,0,0,0,0.00%,40,0,1,2,2.50%,18,0,0,0,0.00%,32,0,0,0,0.00%,44,0,1,1,2.27%,49,0,0,0,0.00%,47,0,0,0,0.00%,38,0,1,1,2.63%,39,0,0,0,0.00%,29,0,2,4,6.90%,33,0,0,0,0.00%,45,0,0,0,0.00%,56,0,0,0,0.00%,52,0,1,2,1.92%
35,73,4,0,0,0,0.00%,4,0,0,0,0.00%,3,0,0,0,0.00%,7,0,0,0,0.00%,6,0,0,0,0.00%,6,0,0,0,0.00%,3,0,0,0,0.00%,,,,,,5,0,0,0,0.00%,3,0,0,0,0.00%,4,0,0,0,0.00%,1,0,0,0,0.00%,5,0,0,0,0.00%,2,0,0,0,0.00%
36,2836,4,0,0,0,0.00%,17,0,0,0,0.00%,25,0,0,0,0.00%,30,0,0,0,0.00%,28,0,0,0,0.00%,31,0,0,0,0.00%,25,0,0,0,0.00%,29,0,0,0,0.00%,30,0,0,0,0.00%,19,0,0,0,0.00%,22,0,0,0,0.00%,32,0,1,3,3.13%,44,1,0,0,2.27%,31,0,1,2,3.23%
37,6736,4,0,0,0,0.00%,6,0,0,0,0.00%,2,0,0,0,0.00%,4,0,1,1,25.00%,9,0,0,0,0.00%,13,0,0,0,0.00%,8,0,0,0,0.00%,3,0,0,0,0.00%,5,0,1,1,20.00%,6,0,0,0,0.00%,4,0,1,3,25.00%,6,0,0,0,0.00%,8,0,0,0,0.00%,6,0,0,0,0.00%
38,8765,4,0,0,0,0.00%,6,0,0,0,0.00%,11,0,0,0,0.00%,5,0,1,3,20.00%,9,0,0,0,0.00%,18,0,3,3,16.67%,14,0,2,2,14.29%,7,0,1,1,14.29%,13,0,2,4,15.38%,13,0,2,3,15.38%,14,0,0,0,0.00%,8,0,0,0,0.00%,7,0,0,0,0.00%,20,0,1,1,5.00%
39,11135,4,0,0,0,0.00%,38,0,1,1,2.63%,39,0,0,0,0.00%,34,0,1,1,2.94%,43,0,1,2,2.33%,51,0,0,0,0.00%,49,0,0,0,0.00%,12,0,0,0,0.00%,28,1,0,0,3.57%,44,0,0,0,0.00%,31,0,0,0,0.00%,48,0,0,0,0.00%,52,0,0,0,0.00%,52,0,1,1,1.92%
40,15595,4,0,0,0,0.00%,25,0,1,1,4.00%,22,0,0,0,0.00%,19,0,0,0,0.00%,22,0,0,0,0.00%,38,0,0,0,0.00%,31,0,0,0,0.00%,26,0,1,1,3.85%,11,0,0,0,0.00%,11,0,0,0,0.00%,12,0,0,0,0.00%,36,0,0,0,0.00%,46,0,0,0,0.00%,48,0,0,0,0.00%
41,33126,4,0,1,1,25.00%,7,0,0,0,0.00%,7,0,0,0,0.00%,7,1,0,0,14.29%,16,1,1,1,12.50%,14,0,1,1,7.14%,6,0,0,0,0.00%,13,0,0,0,0.00%,9,0,0,0,0.00%,10,0,1,1,10.00%,13,0,0,0,0.00%,13,0,0,0,0.00%,21,0,2,2,9.52%,14,0,1,1,7.14%
42,51740,4,0,0,0,0.00%,28,0,0,0,0.00%,18,0,0,0,0.00%,18,0,0,0,0.00%,36,0,0,0,0.00%,34,0,0,0,0.00%,44,0,1,2,2.27%,30,0,0,0,0.00%,20,0,0,0,0.00%,19,0,0,0,0.00%,22,0,0,0,0.00%,31,0,0,0,0.00%,35,0,1,1,2.86%,42,0,0,0,0.00%
43,103161,4,0,2,3,50.00%,5,0,1,3,20.00%,4,0,0,0,0.00%,3,0,1,1,33.33%,7,0,2,3,28.57%,7,0,0,0,0.00%,1,0,1,7,100.00%,5,0,1,4,20.00%,6,0,0,0,0.00%,2,0,0,0,0.00%,8,0,2,2,25.00%,7,0,1,1,14.29%,12,0,1,1,8.33%,11,0,0,0,0.00%
44,107723,4,0,0,0,0.00%,3,0,0,0,0.00%,,,,,,,,,,,,,,,,,,,,,,,,,,,,,,,,,,,,,,,,,,,,,,,,,,,,,,,,,,,,
45,108865,4,0,0,0,0.00%,6,0,1,1,16.67%,7,0,0,0,0.00%,12,0,0,0,0.00%,19,0,1,1,5.26%,19,0,1,1,5.26%,10,0,2,3,20.00%,15,0,0,0,0.00%,11,0,0,0,0.00%,6,0,1,1,16.67%,10,0,0,0,0.00%,17,0,0,0,0.00%,13,0,0,0,0.00%,11,0,0,0,0.00%
46,111353,4,0,0,0,0.00%,4,0,0,0,0.00%,1,0,0,0,0.00%,4,0,0,0,0.00%,8,0,0,0,0.00%,8,0,0,0,0.00%,7,0,0,0,0.00%,6,0,0,0,0.00%,5,0,0,0,0.00%,2,0,0,0,0.00%,,,,,,,,,,,,,,,,,,,,
47,112576,4,0,0,0,0.00%,31,0,0,0,0.00%,27,0,0,0,0.00%,2,0,0,0,0.00%,53,0,0,0,0.00%,50,0,1,1,2.00%,45,0,0,0,0.00%,38,0,1,1,2.63%,25,0,0,0,0.00%,24,0,0,0,0.00%,1,0,0,0,0.00%,55,0,1,1,1.82%,47,0,0,0,0.00%,50,0,0,0,0.00%
48,112607,4,0,0,0,0.00%,14,0,0,0,0.00%,14,0,0,0,0.00%,9,0,0,0,0.00%,22,0,0,0,0.00%,30,0,0,0,0.00%,35,0,0,0,0.00%,25,0,0,0,0.00%,21,0,0,0,0.00%,20,0,0,0,0.00%,24,0,0,0,0.00%,,,,,,,,,,,,,,,
49,112998,4,0,0,0,0.00%,4,0,0,0,0.00%,10,0,0,0,0.00%,7,0,0,0,0.00%,9,0,0,0,0.00%,8,0,1,1,12.50%,7,0,0,0,0.00%,6,0,0,0,0.00%,6,1,0,0,16.67%,5,0,0,0,0.00%,5,0,0,0,0.00%,6,0,0,0,0.00%,17,0,0,0,0.00%,7,0,0,0,0.00%
50,113406,4,0,1,3,25.00%,3,0,0,0,0.00%,6,0,0,0,0.00%,4,0,0,0,0.00%,3,0,0,0,0.00%,7,0,1,1,14.29%,8,0,1,1,12.50%,10,0,2,2,20.00%,2,0,0,0,0.00%,5,0,2,4,40.00%,10,0,1,2,10.00%,8,0,0,0,0.00%,6,0,1,1,16.67%,8,0,0,0,0.00%
51,113731,4,0,0,0,0.00%,,,,,,1,0,0,0,0.00%,2,0,0,0,0.00%,,,,,,2,0,0,0,0.00%,3,0,0,0,0.00%,3,0,0,0,0.00%,4,0,0,0,0.00%,4,0,0,0,0.00%,,,,,,4,0,0,0,0.00%,4,0,0,0,0.00%,2,0,0,0,0.00%
52,113896,4,0,0,0,0.00%,9,0,0,0,0.00%,6,0,0,0,0.00%,9,0,0,0,0.00%,16,0,0,0,0.00%,10,0,0,0,0.00%,14,0,0,0,0.00%,17,0,0,0,0.00%,8,0,0,0,0.00%,9,0,0,0,0.00%,9,0,0,0,0.00%,17,0,0,0,0.00%,10,0,0,0,0.00%,10,0,0,0,0.00%
53,1082,3,0,0,0,0.00%,11,0,0,0,0.00%,16,0,0,0,0.00%,11,0,0,0,0.00%,22,0,0,0,0.00%,14,0,0,0,0.00%,14,0,0,0,0.00%,8,0,0,0,0.00%,9,0,0,0,0.00%,12,0,0,0,0.00%,12,0,0,0,0.00%,25,0,1,1,4.00%,19,0,0,0,0.00%,10,0,0,0,0.00%
54,1280,3,0,0,0,0.00%,21,1,1,1,9.52%,17,0,1,3,5.88%,20,0,0,0,0.00%,24,0,0,0,0.00%,29,0,0,0,0.00%,41,0,1,2,2.44%,26,0,0,0,0.00%,21,0,0,0,0.00%,18,0,1,1,5.56%,17,0,1,1,5.88%,26,0,0,0,0.00%,14,0,0,0,0.00%,37,0,1,1,2.70%
55,2498,3,0,0,0,0.00%,2,0,0,0,0.00%,1,0,0,0,0.00%,,,,,,2,0,0,0,0.00%,1,0,0,0,0.00%,1,0,0,0,0.00%,,,,,,,,,,,,,,,,,,,,,1,0,0,0,0.00%,,,,,,4,0,0,0,0.00%
56,6100,3,0,0,0,0.00%,33,0,0,0,0.00%,29,0,0,0,0.00%,27,0,1,1,3.70%,54,0,0,0,0.00%,42,0,0,0,0.00%,45,0,0,0,0.00%,28,0,0,0,0.00%,28,0,0,0,0.00%,29,0,0,0,0.00%,24,0,0,0,0.00%,38,0,0,0,0.00%,45,0,0,0,0.00%,58,0,1,1,1.72%
57,11525,3,0,0,0,0.00%,14,0,1,1,7.14%,11,0,0,0,0.00%,12,0,0,0,0.00%,17,0,1,2,5.88%,16,0,1,1,6.25%,21,0,0,0,0.00%,20,0,0,0,0.00%,14,0,0,0,0.00%,12,0,0,0,0.00%,9,0,0,0,0.00%,17,0,2,2,11.76%,20,0,1,2,5.00%,8,0,0,0,0.00%
58,12880,3,0,0,0,0.00%,13,0,2,3,15.38%,,,,,,10,0,0,0,0.00%,,,,,,4,0,0,0,0.00%,26,0,2,3,7.69%,,,,,,,,,,,2,0,0,0,0.00%,12,0,1,2,8.33%,,,,,,,,,,,,,,,
59,15528,3,0,0,0,0.00%,9,0,0,0,0.00%,5,0,0,0,0.00%,4,0,0,0,0.00%,14,1,0,0,7.14%,17,0,1,1,5.88%,12,0,1,1,8.33%,5,0,0,0,0.00%,9,0,0,0,0.00%,6,0,0,0,0.00%,4,0,0,0,0.00%,10,0,0,0,0.00%,11,0,1,1,9.09%,16,0,2,3,12.50%
60,16611,3,0,0,0,0.00%,20,0,0,0,0.00%,17,0,1,1,5.88%,4,0,0,0,0.00%,28,0,0,0,0.00%,23,0,0,0,0.00%,29,0,0,0,0.00%,19,0,0,0,0.00%,21,0,0,0,0.00%,17,0,2,2,11.76%,1,0,0,0,0.00%,16,1,1,1,12.50%,21,1,0,0,4.76%,38,0,1,3,2.63%
61,18382,3,0,0,0,0.00%,21,1,0,0,4.76%,20,0,0,0,0.00%,11,0,0,0,0.00%,6,0,0,0,0.00%,17,0,0,0,0.00%,21,0,1,1,4.76%,21,0,0,0,0.00%,15,0,0,0,0.00%,13,0,0,0,0.00%,26,0,0,0,0.00%,20,0,0,0,0.00%,18,0,0,0,0.00%,31,0,0,0,0.00%
62,33879,3,0,0,0,0.00%,4,0,0,0,0.00%,6,0,0,0,0.00%,10,0,1,1,10.00%,14,0,1,3,7.14%,20,0,0,0,0.00%,9,0,0,0,0.00%,7,0,0,0,0.00%,7,0,0,0,0.00%,7,0,0,0,0.00%,5,0,0,0,0.00%,6,0,0,0,0.00%,18,0,0,0,0.00%,20,0,0,0,0.00%
63,41798,3,0,0,0,0.00%,11,0,0,0,0.00%,10,0,1,1,10.00%,11,0,0,0,0.00%,3,0,0,0,0.00%,21,0,1,1,4.76%,15,0,0,0,0.00%,13,0,0,0,0.00%,14,0,0,0,0.00%,9,0,1,1,11.11%,2,0,1,1,50.00%,25,1,1,1,8.00%,20,0,0,0,0.00%,17,0,1,1,5.88%
64,46156,3,0,0,0,0.00%,19,0,1,1,5.26%,19,0,0,0,0.00%,18,0,0,0,0.00%,25,0,0,0,0.00%,27,0,0,0,0.00%,35,0,0,0,0.00%,29,0,0,0,0.00%,25,0,0,0,0.00%,21,0,2,2,9.52%,26,0,0,0,0.00%,34,0,0,0,0.00%,46,0,0,0,0.00%,41,0,2,2,4.88%
65,54617,3,0,0,0,0.00%,4,0,0,0,0.00%,8,0,0,0,0.00%,14,0,0,0,0.00%,13,0,1,2,7.69%,7,0,1,1,14.29%,9,0,0,0,0.00%,11,0,1,1,9.09%,11,0,0,0,0.00%,4,0,0,0,0.00%,14,0,0,0,0.00%,6,0,0,0,0.00%,11,0,0,0,0.00%,13,0,0,0,0.00%
66,55909,3,0,0,0,0.00%,3,0,0,0,0.00%,7,0,0,0,0.00%,5,0,0,0,0.00%,6,0,0,0,0.00%,8,0,0,0,0.00%,6,1,1,2,33.33%,3,0,0,0,0.00%,3,0,0,0,0.00%,4,0,1,1,25.00%,9,0,0,0,0.00%,9,0,0,0,0.00%,5,0,0,0,0.00%,6,0,0,0,0.00%
67,57426,3,0,0,0,0.00%,10,0,0,0,0.00%,5,1,0,0,20.00%,4,0,0,0,0.00%,10,0,0,0,0.00%,14,0,0,0,0.00%,8,0,0,0,0.00%,10,0,0,0,0.00%,10,0,0,0,0.00%,6,0,0,0,0.00%,6,0,1,1,16.67%,7,0,0,0,0.00%,12,0,0,0,0.00%,10,0,1,1,10.00%
68,102508,3,0,0,0,0.00%,20,0,0,0,0.00%,21,0,1,1,4.76%,14,0,0,0,0.00%,16,0,0,0,0.00%,29,0,0,0,0.00%,34,0,0,0,0.00%,22,0,0,0,0.00%,12,0,1,1,8.33%,16,0,0,0,0.00%,22,0,0,0,0.00%,22,0,1,2,4.55%,17,0,2,2,11.76%,25,0,0,0,0.00%
69,107125,3,0,0,0,0.00%,10,0,0,0,0.00%,13,0,0,0,0.00%,9,0,0,0,0.00%,4,0,0,0,0.00%,8,0,0,0,0.00%,11,0,1,1,9.09%,8,0,0,0,0.00%,4,0,0,0,0.00%,5,1,0,0,20.00%,15,0,0,0,0.00%,14,0,0,0,0.00%,11,0,0,0,0.00%,14,0,0,0,0.00%
70,107856,3,0,0,0,0.00%,11,0,0,0,0.00%,12,0,0,0,0.00%,9,0,0,0,0.00%,14,0,0,0,0.00%,21,0,0,0,0.00%,26,0,0,0,0.00%,15,0,0,0,0.00%,11,0,0,0,0.00%,7,0,0,0,0.00%,10,0,0,0,0.00%,13,0,0,0,0.00%,13,0,0,0,0.00%,14,0,0,0,0.00%
71,109911,3,0,0,0,0.00%,4,0,0,0,0.00%,5,0,0,0,0.00%,3,0,0,0,0.00%,16,0,0,0,0.00%,21,0,0,0,0.00%,11,0,0,0,0.00%,6,0,0,0,0.00%,5,0,0,0,0.00%,10,0,1,2,10.00%,7,0,0,0,0.00%,19,0,0,0,0.00%,11,0,0,0,0.00%,11,0,0,0,0.00%
72,111884,3,0,1,2,33.33%,3,0,0,0,0.00%,2,0,1,1,50.00%,4,0,0,0,0.00%,11,0,2,3,18.18%,15,0,1,1,6.67%,5,0,1,2,20.00%,8,0,0,0,0.00%,3,0,0,0,0.00%,2,0,0,0,0.00%,5,0,0,0,0.00%,9,0,0,0,0.00%,10,0,0,0,0.00%,9,0,1,3,11.11%
73,113288,3,0,0,0,0.00%,32,0,3,3,9.38%,21,0,1,1,4.76%,25,0,0,0,0.00%,28,0,1,1,3.57%,39,0,1,1,2.56%,43,0,1,1,2.33%,29,0,0,0,0.00%,23,0,0,0,0.00%,19,0,0,0,0.00%,34,0,1,1,2.94%,25,0,0,0,0.00%,38,1,1,2,5.26%,37,0,1,1,2.70%
74,113993,3,0,0,0,0.00%,3,0,0,0,0.00%,3,0,0,0,0.00%,5,0,0,0,0.00%,9,0,0,0,0.00%,4,0,0,0,0.00%,4,0,0,0,0.00%,5,0,0,0,0.00%,6,0,0,0,0.00%,3,0,0,0,0.00%,4,0,0,0,0.00%,6,0,0,0,0.00%,3,0,0,0,0.00%,2,0,0,0,0.00%
75,114040,3,0,0,0,0.00%,32,0,0,0,0.00%,25,0,1,1,4.00%,16,0,0,0,0.00%,33,0,0,0,0.00%,45,0,0,0,0.00%,61,0,0,0,0.00%,26,0,0,0,0.00%,35,0,1,1,2.86%,15,2,1,1,20.00%,,,,,,,,,,,,,,,,,,,,
76,114138,3,0,0,0,0.00%,8,0,0,0,0.00%,,,,,,,,,,,,,,,,,,,,,,,,,,,,,,,,,,,,,,,,,,,,,,,,,,,,,,,,,,,,
77,725,2,0,0,0,0.00%,1,0,0,0,0.00%,4,0,0,0,0.00%,4,0,0,0,0.00%,,,,,,,,,,,1,1,0,0,100.00%,9,0,0,0,0.00%,4,0,0,0,0.00%,5,0,0,0,0.00%,2,0,0,0,0.00%,,,,,,3,0,0,0,0.00%,4,0,0,0,0.00%
78,1016,2,0,0,0,0.00%,8,0,0,0,0.00%,6,0,0,0,0.00%,8,0,1,1,12.50%,14,0,0,0,0.00%,11,0,0,0,0.00%,9,0,0,0,0.00%,13,0,0,0,0.00%,9,0,0,0,0.00%,8,0,0,0,0.00%,11,0,1,1,9.09%,8,0,3,7,37.50%,6,1,0,0,16.67%,6,0,0,0,0.00%
79,1050,2,0,0,0,0.00%,6,0,0,0,0.00%,5,0,0,0,0.00%,6,0,1,1,16.67%,7,0,0,0,0.00%,12,0,0,0,0.00%,15,0,0,0,0.00%,11,0,0,0,0.00%,7,0,0,0,0.00%,8,0,0,0,0.00%,7,0,0,0,0.00%,13,0,0,0,0.00%,10,0,0,0,0.00%,13,0,0,0,0.00%
80,1930,2,0,0,0,0.00%,20,0,0,0,0.00%,14,0,0,0,0.00%,12,0,0,0,0.00%,18,0,0,0,0.00%,17,0,1,1,5.88%,15,0,0,0,0.00%,21,0,1,2,4.76%,13,0,0,0,0.00%,12,0,0,0,0.00%,16,0,2,2,12.50%,16,0,1,1,6.25%,17,0,0,0,0.00%,17,0,0,0,0.00%
81,2305,2,0,0,0,0.00%,24,0,1,1,4.17%,11,0,0,0,0.00%,12,0,0,0,0.00%,18,0,0,0,0.00%,26,0,0,0,0.00%,31,0,0,0,0.00%,25,0,2,2,8.00%,24,0,0,0,0.00%,16,0,0,0,0.00%,15,0,0,0,0.00%,14,0,0,0,0.00%,22,0,0,0,0.00%,31,0,0,0,0.00%
82,2592,2,0,0,0,0.00%,13,0,0,0,0.00%,18,0,0,0,0.00%,6,0,0,0,0.00%,17,0,0,0,0.00%,18,0,0,0,0.00%,18,0,0,0,0.00%,20,0,0,0,0.00%,16,0,0,0,0.00%,17,0,0,0,0.00%,14,0,0,0,0.00%,15,0,0,0,0.00%,25,0,0,0,0.00%,34,0,0,0,0.00%
83,2835,2,0,0,0,0.00%,14,0,0,0,0.00%,14,0,0,0,0.00%,16,0,0,0,0.00%,37,0,1,1,2.70%,31,0,0,0,0.00%,24,0,0,0,0.00%,20,0,0,0,0.00%,13,0,1,1,7.69%,18,0,0,0,0.00%,20,0,0,0,0.00%,39,0,0,0,0.00%,28,0,0,0,0.00%,34,0,0,0,0.00%
84,2934,2,0,0,0,0.00%,5,0,0,0,0.00%,,,,,,,,,,,,,,,,,,,,,,,,,,,,,,,,,,,,,,,,,,,,,,,,,,,,,,,,,,,,
85,5137,2,0,1,1,50.00%,36,0,0,0,0.00%,29,0,1,1,3.45%,32,0,1,1,3.13%,48,0,0,0,0.00%,35,0,2,2,5.71%,49,0,1,1,2.04%,37,0,0,0,0.00%,35,0,3,3,8.57%,34,0,0,0,0.00%,42,0,4,4,9.52%,21,0,1,1,4.76%,59,0,4,8,6.78%,37,0,1,2,2.70%
86,5655,2,0,0,0,0.00%,16,0,0,0,0.00%,19,0,0,0,0.00%,15,0,0,0,0.00%,29,0,0,0,0.00%,21,1,0,0,4.76%,53,0,0,0,0.00%,23,0,0,0,0.00%,16,0,0,0,0.00%,20,0,0,0,0.00%,22,0,1,1,4.55%,22,0,0,0,0.00%,31,0,1,1,3.23%,44,0,0,0,0.00%
87,9943,2,0,0,0,0.00%,16,0,0,0,0.00%,13,0,0,0,0.00%,11,0,0,0,0.00%,23,0,0,0,0.00%,11,0,0,0,0.00%,6,0,0,0,0.00%,17,0,0,0,0.00%,17,0,0,0,0.00%,12,0,0,0,0.00%,15,0,0,0,0.00%,16,0,0,0,0.00%,29,0,0,0,0.00%,16,0,0,0,0.00%
88,11372,2,0,0,0,0.00%,12,0,1,1,8.33%,4,0,0,0,0.00%,9,0,0,0,0.00%,11,0,0,0,0.00%,18,0,0,0,0.00%,9,0,0,0,0.00%,13,1,0,0,7.69%,11,0,0,0,0.00%,7,0,0,0,0.00%,8,0,1,1,12.50%,13,0,1,1,7.69%,18,0,1,1,5.56%,18,0,1,1,5.56%
89,11795,2,0,0,0,0.00%,4,0,0,0,0.00%,3,0,0,0,0.00%,1,0,0,0,0.00%,,,,,,4,0,0,0,0.00%,1,0,0,0,0.00%,3,0,0,0,0.00%,8,0,0,0,0.00%,3,0,0,0,0.00%,3,0,0,0,0.00%,,,,,,,,,,,,,,,
90,13331,2,0,0,0,0.00%,6,0,0,0,0.00%,8,0,0,0,0.00%,7,0,1,1,14.29%,3,0,0,0,0.00%,10,0,0,0,0.00%,8,0,0,0,0.00%,4,0,0,0,0.00%,9,0,1,1,11.11%,3,0,1,1,33.33%,1,0,0,0,0.00%,11,0,0,0,0.00%,9,0,0,0,0.00%,11,0,0,0,0.00%
91,14085,2,0,0,0,0.00%,3,0,0,0,0.00%,1,0,0,0,0.00%,1,0,0,0,0.00%,6,0,0,0,0.00%,,,,,,13,0,0,0,0.00%,3,0,0,0,0.00%,1,0,0,0,0.00%,,,,,,2,0,0,0,0.00%,4,0,0,0,0.00%,3,0,0,0,0.00%,3,0,0,0,0.00%
92,15730,2,0,0,0,0.00%,3,0,1,2,33.33%,6,0,1,1,16.67%,9,0,0,0,0.00%,4,0,1,1,25.00%,4,0,1,2,25.00%,8,0,0,0,0.00%,2,0,0,0,0.00%,7,0,0,0,0.00%,3,0,0,0,0.00%,7,0,0,0,0.00%,5,0,0,0,0.00%,6,0,1,1,16.67%,1,0,0,0,0.00%
93,15986,2,0,0,0,0.00%,28,0,0,0,0.00%,10,0,0,0,0.00%,22,0,0,0,0.00%,,,,,,38,0,2,3,5.26%,49,0,0,0,0.00%,28,1,1,1,7.14%,30,0,0,0,0.00%,23,1,0,0,4.35%,28,0,1,1,3.57%,2,1,0,0,50.00%,44,0,0,0,0.00%,54,0,0,0,0.00%
94,20748,2,0,0,0,0.00%,6,0,0,0,0.00%,1,0,0,0,0.00%,4,0,0,0,0.00%,6,0,0,0,0.00%,2,0,0,0,0.00%,9,0,1,1,11.11%,8,0,3,3,37.50%,3,0,1,1,33.33%,7,0,2,2,28.57%,3,0,1,3,33.33%,6,0,0,0,0.00%,6,0,1,1,16.67%,12,0,1,1,8.33%
95,25098,2,0,0,0,0.00%,10,0,0,0,0.00%,13,0,0,0,0.00%,3,0,0,0,0.00%,28,0,1,1,3.57%,27,0,1,1,3.70%,25,0,0,0,0.00%,8,0,0,0,0.00%,15,0,0,0,0.00%,11,0,0,0,0.00%,,,,,,17,0,0,0,0.00%,10,0,0,0,0.00%,23,0,0,0,0.00%
96,27210,2,0,0,0,0.00%,10,0,0,0,0.00%,,,,,,2,0,0,0,0.00%,12,1,0,0,8.33%,16,2,0,0,12.50%,16,1,0,0,6.25%,8,0,0,0,0.00%,8,0,0,0,0.00%,,,,,,1,0,0,0,0.00%,10,0,0,0,0.00%,15,0,0,0,0.00%,14,0,0,0,0.00%
97,38787,2,0,0,0,0.00%,14,0,0,0,0.00%,10,0,0,0,0.00%,5,0,0,0,0.00%,10,1,0,0,10.00%,11,0,0,0,0.00%,11,0,0,0,0.00%,7,0,0,0,0.00%,6,0,0,0,0.00%,7,0,0,0,0.00%,12,0,0,0,0.00%,12,0,0,0,0.00%,5,0,0,0,0.00%,6,0,0,0,0.00%
98,39337,2,0,0,0,0.00%,4,0,0,0,0.00%,1,0,0,0,0.00%,7,0,0,0,0.00%,6,0,0,0,0.00%,7,0,1,1,14.29%,8,0,0,0,0.00%,8,0,0,0,0.00%,7,0,0,0,0.00%,2,0,0,0,0.00%,5,0,0,0,0.00%,8,0,0,0,0.00%,8,0,0,0,0.00%,5,0,0,0,0.00%
99,41881,2,0,0,0,0.00%,21,0,0,0,0.00%,18,0,0,0,0.00%,15,0,0,0,0.00%,13,0,0,0,0.00%,24,0,0,0,0.00%,24,0,0,0,0.00%,14,0,0,0,0.00%,20,0,0,0,0.00%,21,0,0,0,0.00%,15,0,0,0,0.00%,25,0,0,0,0.00%,11,0,0,0,0.00%,26,0,0,0,0.00%
100,47467,2,0,0,0,0.00%,3,0,0,0,0.00%,3,0,0,0,0.00%,4,0,0,0,0.00%,5,0,0,0,0.00%,9,0,0,0,0.00%,6,0,0,0,0.00%,3,0,0,0,0.00%,5,0,0,0,0.00%,3,0,0,0,0.00%,3,0,0,0,0.00%,5,0,0,0,0.00%,5,0,0,0,0.00%,10,0,0,0,0.00%
101,50291,2,0,0,0,0.00%,6,0,0,0,0.00%,,,,,,,,,,,9,0,0,0,0.00%,20,0,0,0,0.00%,22,0,0,0,0.00%,4,0,0,0,0.00%,3,0,0,0,0.00%,,,,,,,,,,,20,0,0,0,0.00%,15,0,0,0,0.00%,16,0,0,0,0.00%
102,52341,2,0,0,0,0.00%,27,0,3,4,11.11%,28,0,1,1,3.57%,35,0,0,0,0.00%,3,0,0,0,0.00%,59,0,0,0,0.00%,40,1,1,1,5.00%,43,0,0,0,0.00%,34,0,1,1,2.94%,39,0,0,0,0.00%,30,0,0,0,0.00%,3,0,0,0,0.00%,49,0,0,0,0.00%,62,0,1,1,1.61%
103,54131,2,0,1,1,50.00%,22,0,0,0,0.00%,11,0,0,0,0.00%,16,0,0,0,0.00%,13,0,0,0,0.00%,17,0,0,0,0.00%,20,0,0,0,0.00%,20,0,0,0,0.00%,16,0,0,0,0.00%,8,0,0,0,0.00%,13,0,0,0,0.00%,15,0,1,1,6.67%,13,0,0,0,0.00%,24,0,1,1,4.17%
104,56434,2,0,0,0,0.00%,7,0,0,0,0.00%,8,0,0,0,0.00%,12,0,0,0,0.00%,17,0,0,0,0.00%,13,0,0,0,0.00%,12,0,0,0,0.00%,13,0,0,0,0.00%,7,0,0,0,0.00%,7,0,0,0,0.00%,8,0,1,1,12.50%,24,0,0,0,0.00%,15,0,0,0,0.00%,19,0,0,0,0.00%
105,57481,2,0,0,0,0.00%,9,0,0,0,0.00%,8,0,0,0,0.00%,10,0,0,0,0.00%,28,0,0,0,0.00%,20,0,0,0,0.00%,11,0,0,0,0.00%,10,0,0,0,0.00%,6,0,0,0,0.00%,7,0,0,0,0.00%,13,0,0,0,0.00%,24,0,0,0,0.00%,16,0,0,0,0.00%,14,0,0,0,0.00%
106,103143,2,0,0,0,0.00%,5,0,0,0,0.00%,7,0,0,0,0.00%,5,0,0,0,0.00%,7,0,0,0,0.00%,15,0,0,0,0.00%,7,0,0,0,0.00%,8,0,0,0,0.00%,6,0,0,0,0.00%,7,0,0,0,0.00%,5,0,1,9,20.00%,5,0,0,0,0.00%,7,0,0,0,0.00%,4,0,1,2,25.00%
107,107036,2,0,0,0,0.00%,14,0,0,0,0.00%,12,0,0,0,0.00%,8,0,0,0,0.00%,18,0,0,0,0.00%,19,0,0,0,0.00%,17,0,0,0,0.00%,13,0,0,0,0.00%,17,0,0,0,0.00%,14,0,0,0,0.00%,18,0,0,0,0.00%,9,0,0,0,0.00%,13,0,0,0,0.00%,20,0,0,0,0.00%
108,110378,2,0,0,0,0.00%,1,0,0,0,0.00%,1,0,0,0,0.00%,1,0,0,0,0.00%,4,0,0,0,0.00%,8,0,1,1,12.50%,6,0,0,0,0.00%,4,0,1,1,25.00%,2,0,0,0,0.00%,5,0,0,0,0.00%,4,0,0,0,0.00%,6,0,0,0,0.00%,4,0,0,0,0.00%,9,0,0,0,0.00%
109,110944,2,0,0,0,0.00%,3,0,0,0,0.00%,4,0,0,0,0.00%,2,0,0,0,0.00%,12,0,0,0,0.00%,4,0,0,0,0.00%,9,0,0,0,0.00%,4,0,0,0,0.00%,6,0,0,0,0.00%,4,0,0,0,0.00%,1,0,0,0,0.00%,2,0,0,0,0.00%,2,0,0,0,0.00%,7,0,0,0,0.00%
110,111405,2,0,0,0,0.00%,10,0,0,0,0.00%,4,0,0,0,0.00%,9,0,0,0,0.00%,18,0,0,0,0.00%,15,0,0,0,0.00%,17,0,0,0,0.00%,11,0,0,0,0.00%,21,0,0,0,0.00%,11,0,0,0,0.00%,15,0,0,0,0.00%,18,0,0,0,0.00%,13,0,0,0,0.00%,17,0,0,0,0.00%
111,112450,2,0,0,0,0.00%,23,0,0,0,0.00%,11,0,0,0,0.00%,,,,,,22,0,0,0,0.00%,36,0,0,0,0.00%,43,0,0,0,0.00%,21,0,0,0,0.00%,14,0,0,0,0.00%,14,0,0,0,0.00%,1,0,0,0,0.00%,18,0,1,1,5.56%,29,0,1,1,3.45%,44,0,1,1,2.27%
112,112590,2,0,0,0,0.00%,8,0,0,0,0.00%,5,0,0,0,0.00%,10,0,0,0,0.00%,10,0,0,0,0.00%,17,0,0,0,0.00%,13,0,0,0,0.00%,17,0,0,0,0.00%,11,0,0,0,0.00%,9,0,0,0,0.00%,7,0,0,0,0.00%,24,0,1,1,4.17%,12,0,0,0,0.00%,11,0,0,0,0.00%
113,112703,2,0,0,0,0.00%,29,0,0,0,0.00%,26,1,0,0,3.85%,16,1,0,0,6.25%,52,2,1,3,5.77%,41,0,0,0,0.00%,29,0,0,0,0.00%,37,0,0,0,0.00%,23,1,0,0,4.35%,27,0,0,0,0.00%,27,0,0,0,0.00%,39,1,0,0,2.56%,37,0,1,1,2.70%,39,0,1,1,2.56%
114,112846,2,0,0,0,0.00%,11,0,0,0,0.00%,6,0,0,0,0.00%,5,0,0,0,0.00%,5,0,0,0,0.00%,14,0,0,0,0.00%,13,0,0,0,0.00%,11,0,0,0,0.00%,9,0,1,1,11.11%,2,0,1,1,50.00%,6,0,0,0,0.00%,8,0,0,0,0.00%,15,0,0,0,0.00%,15,0,0,0,0.00%
115,112875,2,0,0,0,0.00%,16,0,2,4,12.50%,9,0,0,0,0.00%,10,0,0,0,0.00%,12,0,0,0,0.00%,21,0,0,0,0.00%,15,0,0,0,0.00%,16,0,0,0,0.00%,13,0,0,0,0.00%,19,0,1,1,5.26%,11,0,1,1,9.09%,17,0,0,0,0.00%,27,0,0,0,0.00%,20,0,0,0,0.00%
116,112906,2,0,0,0,0.00%,22,0,0,0,0.00%,10,0,1,1,10.00%,17,0,0,0,0.00%,22,0,1,1,4.55%,22,1,0,0,4.55%,21,0,0,0,0.00%,11,0,0,0,0.00%,9,0,0,0,0.00%,16,0,1,1,6.25%,13,0,1,1,7.69%,19,0,0,0,0.00%,29,0,0,0,0.00%,26,0,0,0,0.00%
117,113085,2,0,0,0,0.00%,40,0,0,0,0.00%,38,0,4,5,10.53%,35,0,1,1,2.86%,67,0,0,0,0.00%,49,0,0,0,0.00%,18,0,1,1,5.56%,19,0,1,1,5.26%,19,0,1,1,5.26%,29,0,0,0,0.00%,18,1,1,1,11.11%,28,0,1,1,3.57%,30,0,0,0,0.00%,20,0,1,1,5.00%
118,113102,2,0,1,1,50.00%,19,0,0,0,0.00%,13,0,1,1,7.69%,9,0,0,0,0.00%,17,0,0,0,0.00%,19,0,0,0,0.00%,22,0,0,0,0.00%,15,0,0,0,0.00%,11,0,0,0,0.00%,20,0,3,3,15.00%,17,0,0,0,0.00%,14,0,0,0,0.00%,25,0,0,0,0.00%,23,0,1,2,4.35%
119,113128,2,0,0,0,0.00%,2,0,0,0,0.00%,2,0,0,0,0.00%,3,0,0,0,0.00%,5,0,0,0,0.00%,2,0,0,0,0.00%,7,0,0,0,0.00%,2,0,0,0,0.00%,2,0,0,0,0.00%,2,0,0,0,0.00%,1,0,0,0,0.00%,4,0,0,0,0.00%,,,,,,1,0,0,0,0.00%
120,113741,2,0,0,0,0.00%,2,0,0,0,0.00%,1,0,0,0,0.00%,2,0,0,0,0.00%,6,0,0,0,0.00%,6,0,0,0,0.00%,1,0,0,0,0.00%,3,0,0,0,0.00%,2,0,0,0,0.00%,2,0,0,0,0.00%,6,0,0,0,0.00%,3,0,0,0,0.00%,3,0,0,0,0.00%,5,0,0,0,0.00%
121,113810,2,0,0,0,0.00%,79,0,2,2,2.53%,80,1,0,0,1.25%,66,2,0,0,3.03%,98,1,0,0,1.02%,120,0,0,0,0.00%,123,2,0,0,1.63%,114,1,2,2,2.63%,76,0,0,0,0.00%,76,0,0,0,0.00%,87,0,1,2,1.15%,95,0,0,0,0.00%,118,0,0,0,0.00%,158,1,3,3,2.53%
122,113867,2,0,0,0,0.00%,2,0,0,0,0.00%,8,0,0,0,0.00%,8,0,0,0,0.00%,13,0,1,1,7.69%,12,0,0,0,0.00%,10,0,0,0,0.00%,7,0,0,0,0.00%,10,0,0,0,0.00%,9,0,0,0,0.00%,4,0,0,0,0.00%,6,0,0,0,0.00%,10,0,0,0,0.00%,21,0,0,0,0.00%
123,716,1,0,0,0,0.00%,10,0,0,0,0.00%,2,0,0,0,0.00%,,,,,,3,0,0,0,0.00%,11,0,0,0,0.00%,7,0,0,0,0.00%,4,0,0,0,0.00%,4,0,0,0,0.00%,7,0,0,0,0.00%,4,0,0,0,0.00%,12,0,0,0,0.00%,5,0,1,1,20.00%,3,0,0,0,0.00%
124,853,1,0,0,0,0.00%,,,,,,,,,,,,,,,,2,0,0,0,0.00%,2,0,0,0,0.00%,1,0,0,0,0.00%,,,,,,,,,,,,,,,,1,0,0,0,0.00%,,,,,,,,,,,,,,,
125,1784,1,0,0,0,0.00%,46,0,0,0,0.00%,40,0,0,0,0.00%,39,0,1,1,2.56%,54,0,0,0,0.00%,57,0,1,1,1.75%,55,0,1,1,1.82%,52,0,0,0,0.00%,33,0,0,0,0.00%,41,0,1,1,2.44%,32,0,0,0,0.00%,34,0,0,0,0.00%,50,0,2,3,4.00%,66,0,1,1,1.52%
126,1953,1,0,0,0,0.00%,6,0,0,0,0.00%,2,0,0,0,0.00%,8,0,0,0,0.00%,1,0,0,0,0.00%,1,0,0,0,0.00%,8,0,0,0,0.00%,3,0,0,0,0.00%,7,0,0,0,0.00%,7,0,0,0,0.00%,4,0,1,1,25.00%,4,0,0,0,0.00%,3,0,0,0,0.00%,7,0,0,0,0.00%
127,3762,1,0,0,0,0.00%,8,0,2,3,25.00%,4,0,0,0,0.00%,6,0,0,0,0.00%,5,0,0,0,0.00%,7,0,0,0,0.00%,1,0,0,0,0.00%,7,0,1,1,14.29%,3,0,0,0,0.00%,5,0,0,0,0.00%,6,0,0,0,0.00%,5,0,0,0,0.00%,1,0,0,0,0.00%,11,0,0,0,0.00%
128,6735,1,0,0,0,0.00%,1,0,0,0,0.00%,,,,,,2,0,0,0,0.00%,1,0,0,0,0.00%,3,0,0,0,0.00%,5,0,0,0,0.00%,3,0,0,0,0.00%,,,,,,1,0,0,0,0.00%,1,0,0,0,0.00%,5,0,0,0,0.00%,4,0,0,0,0.00%,4,0,0,0,0.00%
129,8128,1,0,0,0,0.00%,8,0,0,0,0.00%,8,0,0,0,0.00%,5,0,1,1,20.00%,10,0,0,0,0.00%,14,0,0,0,0.00%,19,0,1,1,5.26%,7,0,0,0,0.00%,6,0,0,0,0.00%,2,0,0,0,0.00%,6,0,0,0,0.00%,10,0,0,0,0.00%,13,0,0,0,0.00%,13,0,0,0,0.00%
130,8561,1,1,0,0,100.00%,12,0,0,0,0.00%,14,0,0,0,0.00%,7,0,0,0,0.00%,23,0,0,0,0.00%,16,0,0,0,0.00%,17,0,0,0,0.00%,15,0,0,0,0.00%,10,0,0,0,0.00%,7,0,0,0,0.00%,12,0,0,0,0.00%,14,0,0,0,0.00%,23,0,0,0,0.00%,15,0,0,0,0.00%
131,9539,1,0,0,0,0.00%,23,0,1,1,4.35%,11,0,1,1,9.09%,9,0,1,1,11.11%,33,0,0,0,0.00%,30,0,2,5,6.67%,40,0,1,1,2.50%,15,0,0,0,0.00%,15,0,0,0,0.00%,16,0,0,0,0.00%,13,0,0,0,0.00%,18,0,2,2,11.11%,35,1,1,2,5.71%,36,0,0,0,0.00%
132,9762,1,0,0,0,0.00%,32,0,0,0,0.00%,40,1,2,4,7.50%,35,1,0,0,2.86%,35,0,0,0,0.00%,33,0,0,0,0.00%,59,0,1,1,1.69%,26,0,0,0,0.00%,18,1,2,3,16.67%,32,0,0,0,0.00%,25,0,0,0,0.00%,21,0,0,0,0.00%,34,0,0,0,0.00%,37,1,0,0,2.70%
133,9820,1,0,0,0,0.00%,6,0,0,0,0.00%,5,0,0,0,0.00%,5,0,0,0,0.00%,7,0,0,0,0.00%,7,0,1,1,14.29%,8,0,0,0,0.00%,6,0,0,0,0.00%,6,1,0,0,16.67%,4,0,0,0,0.00%,1,0,0,0,0.00%,8,0,0,0,0.00%,11,0,0,0,0.00%,7,0,0,0,0.00%
134,10955,1,0,0,0,0.00%,4,0,0,0,0.00%,3,0,0,0,0.00%,7,0,0,0,0.00%,11,0,0,0,0.00%,5,0,0,0,0.00%,8,0,0,0,0.00%,2,0,0,0,0.00%,5,0,0,0,0.00%,3,0,0,0,0.00%,4,0,0,0,0.00%,5,0,0,0,0.00%,6,1,0,0,16.67%,4,0,0,0,0.00%
135,11182,1,0,0,0,0.00%,1,0,0,0,0.00%,1,0,0,0,0.00%,2,0,0,0,0.00%,5,0,0,0,0.00%,9,0,0,0,0.00%,6,0,0,0,0.00%,4,0,0,0,0.00%,4,0,0,0,0.00%,3,0,0,0,0.00%,6,0,0,0,0.00%,2,0,0,0,0.00%,8,0,0,0,0.00%,5,0,0,0,0.00%
136,11785,1,0,0,0,0.00%,18,0,0,0,0.00%,13,0,0,0,0.00%,1,0,0,0,0.00%,30,0,0,0,0.00%,29,0,0,0,0.00%,28,0,0,0,0.00%,22,0,0,0,0.00%,16,0,1,1,6.25%,12,0,0,0,0.00%,1,0,0,0,0.00%,39,0,0,0,0.00%,38,0,0,0,0.00%,38,0,0,0,0.00%
137,11933,1,0,0,0,0.00%,7,0,0,0,0.00%,8,0,0,0,0.00%,9,0,0,0,0.00%,7,0,1,1,14.29%,10,0,0,0,0.00%,6,0,0,0,0.00%,10,0,0,0,0.00%,5,0,0,0,0.00%,3,0,0,0,0.00%,11,0,1,1,9.09%,17,0,1,2,5.88%,12,0,0,0,0.00%,17,0,0,0,0.00%
138,12489,1,0,0,0,0.00%,12,0,0,0,0.00%,21,0,1,1,4.76%,24,0,1,1,4.17%,2,0,0,0,0.00%,17,0,1,1,5.88%,24,0,1,1,4.17%,15,0,1,1,6.67%,35,0,0,0,0.00%,19,0,1,1,5.26%,18,0,1,1,5.56%,3,0,0,0,0.00%,20,0,1,1,5.00%,35,0,0,0,0.00%
139,13486,1,0,0,0,0.00%,13,0,1,1,7.69%,8,0,0,0,0.00%,3,0,0,0,0.00%,6,0,0,0,0.00%,13,0,1,1,7.69%,27,0,2,3,7.41%,11,0,0,0,0.00%,5,0,0,0,0.00%,6,0,0,0,0.00%,6,0,0,0,0.00%,15,0,0,0,0.00%,23,0,1,5,4.35%,33,0,0,0,0.00%
140,13828,1,0,1,1,100.00%,10,0,5,6,50.00%,9,0,2,4,22.22%,6,0,2,2,33.33%,,,,,,,,,,,,,,,,3,0,1,2,33.33%,12,0,4,5,33.33%,9,0,1,2,11.11%,5,0,2,2,40.00%,,,,,,,,,,,,,,,
141,13887,1,0,0,0,0.00%,15,0,0,0,0.00%,17,0,0,0,0.00%,11,0,0,0,0.00%,28,0,0,0,0.00%,10,0,0,0,0.00%,19,0,0,0,0.00%,16,0,0,0,0.00%,23,0,0,0,0.00%,10,0,1,1,10.00%,9,0,0,0,0.00%,28,0,0,0,0.00%,25,0,1,1,4.00%,26,0,0,0,0.00%
142,14307,1,0,0,0,0.00%,32,0,1,1,3.13%,38,1,2,2,7.89%,27,0,1,1,3.70%,37,0,2,4,5.41%,48,0,1,1,2.08%,92,0,2,2,2.17%,36,1,1,2,5.56%,30,0,0,0,0.00%,21,0,0,0,0.00%,30,0,0,0,0.00%,40,0,0,0,0.00%,43,0,0,0,0.00%,77,0,2,2,2.60%
143,15711,1,0,0,0,0.00%,23,0,1,1,4.35%,33,0,0,0,0.00%,4,0,1,1,25.00%,32,0,1,2,3.13%,38,0,0,0,0.00%,36,0,1,1,2.78%,29,0,2,2,6.90%,21,0,0,0,0.00%,28,0,0,0,0.00%,3,0,0,0,0.00%,27,0,0,0,0.00%,35,0,0,0,0.00%,40,0,1,1,2.50%
144,16673,1,0,0,0,0.00%,34,0,3,3,8.82%,38,0,0,0,0.00%,36,0,3,4,8.33%,36,0,2,2,5.56%,54,0,0,0,0.00%,58,0,4,4,6.90%,36,0,1,1,2.78%,27,0,1,1,3.70%,24,0,1,1,4.17%,36,0,0,0,0.00%,32,0,0,0,0.00%,55,1,0,0,1.82%,59,0,0,0,0.00%
145,18447,1,0,0,0,0.00%,3,0,0,0,0.00%,2,0,0,0,0.00%,,,,,,,,,,,,,,,,,,,,,,,,,,,,,,,,,,,,,,,,,,,,,,,,,,,,,,,
146,20354,1,0,0,0,0.00%,2,0,0,0,0.00%,5,0,0,0,0.00%,4,0,0,0,0.00%,8,0,1,2,12.50%,7,0,1,1,14.29%,11,0,0,0,0.00%,2,0,0,0,0.00%,6,0,0,0,0.00%,6,0,0,0,0.00%,1,0,0,0,0.00%,8,0,0,0,0.00%,9,0,2,2,22.22%,9,0,0,0,0.00%
147,23870,1,0,0,0,0.00%,24,0,1,1,4.17%,24,0,0,0,0.00%,,,,,,42,0,1,1,2.38%,42,0,0,0,0.00%,51,0,1,1,1.96%,34,0,0,0,0.00%,24,0,0,0,0.00%,18,0,0,0,0.00%,2,0,0,0,0.00%,38,0,0,0,0.00%,54,0,0,0,0.00%,55,0,1,1,1.82%
148,24024,1,0,0,0,0.00%,23,0,0,0,0.00%,20,0,0,0,0.00%,21,0,0,0,0.00%,28,0,2,2,7.14%,38,0,2,3,5.26%,34,0,0,0,0.00%,23,0,0,0,0.00%,24,0,0,0,0.00%,20,0,0,0,0.00%,17,0,0,0,0.00%,23,0,0,0,0.00%,38,0,0,0,0.00%,29,0,0,0,0.00%
149,26555,1,0,0,0,0.00%,5,0,0,0,0.00%,5,0,0,0,0.00%,,,,,,4,0,0,0,0.00%,4,0,0,0,0.00%,5,0,0,0,0.00%,2,0,0,0,0.00%,3,0,0,0,0.00%,3,0,0,0,0.00%,,,,,,1,0,0,0,0.00%,5,0,0,0,0.00%,6,1,0,0,16.67%
150,27245,1,0,0,0,0.00%,16,0,0,0,0.00%,15,0,0,0,0.00%,14,0,0,0,0.00%,21,0,0,0,0.00%,31,0,3,3,9.68%,33,0,0,0,0.00%,21,0,1,1,4.76%,18,0,0,0,0.00%,17,0,1,1,5.88%,12,0,1,2,8.33%,19,0,0,0,0.00%,26,0,3,4,11.54%,25,0,0,0,0.00%
151,28732,1,0,0,0,0.00%,5,0,0,0,0.00%,4,0,0,0,0.00%,2,0,0,0,0.00%,10,0,1,3,10.00%,,,,,,2,0,0,0,0.00%,11,0,2,2,18.18%,9,0,0,0,0.00%,8,0,1,2,12.50%,3,0,0,0,0.00%,6,0,0,0,0.00%,,,,,,3,0,1,1,33.33%
152,34693,1,0,0,0,0.00%,14,0,0,0,0.00%,9,0,0,0,0.00%,2,0,0,0,0.00%,13,0,0,0,0.00%,12,0,0,0,0.00%,10,0,0,0,0.00%,12,0,0,0,0.00%,22,0,1,1,4.55%,10,0,0,0,0.00%,4,0,0,0,0.00%,10,0,0,0,0.00%,17,0,0,0,0.00%,12,0,1,1,8.33%
153,36229,1,0,0,0,0.00%,7,0,0,0,0.00%,10,0,0,0,0.00%,10,0,0,0,0.00%,10,0,0,0,0.00%,14,0,0,0,0.00%,14,0,0,0,0.00%,9,0,0,0,0.00%,9,0,1,1,11.11%,5,0,0,0,0.00%,8,0,0,0,0.00%,10,0,0,0,0.00%,18,0,3,4,16.67%,12,0,2,3,16.67%
154,40966,1,0,0,0,0.00%,7,0,0,0,0.00%,1,0,0,0,0.00%,4,0,0,0,0.00%,6,0,0,0,0.00%,5,0,0,0,0.00%,4,0,0,0,0.00%,3,0,0,0,0.00%,2,0,0,0,0.00%,1,0,0,0,0.00%,,,,,,4,0,0,0,0.00%,,,,,,4,0,0,0,0.00%
155,41490,1,0,0,0,0.00%,6,0,0,0,0.00%,3,0,0,0,0.00%,,,,,,11,0,0,0,0.00%,9,0,0,0,0.00%,4,0,0,0,0.00%,3,0,0,0,0.00%,6,0,0,0,0.00%,4,0,0,0,0.00%,1,0,0,0,0.00%,8,0,0,0,0.00%,8,0,0,0,0.00%,13,0,0,0,0.00%
156,44791,1,0,0,0,0.00%,21,0,0,0,0.00%,9,0,0,0,0.00%,,,,,,37,0,0,0,0.00%,31,0,0,0,0.00%,45,0,0,0,0.00%,21,0,0,0,0.00%,18,0,0,0,0.00%,17,0,0,0,0.00%,1,0,0,0,0.00%,34,0,0,0,0.00%,38,1,0,0,2.63%,37,0,0,0,0.00%
157,47342,1,0,0,0,0.00%,26,0,0,0,0.00%,18,0,0,0,0.00%,21,0,0,0,0.00%,36,0,0,0,0.00%,43,0,1,1,2.33%,42,0,1,1,2.38%,38,0,0,0,0.00%,24,1,1,1,8.33%,19,0,0,0,0.00%,19,0,0,0,0.00%,39,0,1,1,2.56%,58,0,1,1,1.72%,50,0,1,1,2.00%
158,47413,1,0,1,1,100.00%,4,0,0,0,0.00%,5,0,0,0,0.00%,1,0,0,0,0.00%,2,0,0,0,0.00%,1,0,0,0,0.00%,2,0,0,0,0.00%,,,,,,5,0,0,0,0.00%,1,0,0,0,0.00%,3,0,0,0,0.00%,2,0,0,0,0.00%,2,0,0,0,0.00%,2,0,0,0,0.00%
159,47679,1,0,0,0,0.00%,6,0,0,0,0.00%,10,0,0,0,0.00%,3,0,0,0,0.00%,3,0,0,0,0.00%,5,0,0,0,0.00%,4,0,0,0,0.00%,7,0,0,0,0.00%,7,0,0,0,0.00%,1,0,0,0,0.00%,6,0,0,0,0.00%,2,0,0,0,0.00%,3,0,0,0,0.00%,12,0,0,0,0.00%
160,50801,1,0,0,0,0.00%,9,0,0,0,0.00%,10,0,0,0,0.00%,7,0,0,0,0.00%,1,0,0,0,0.00%,20,0,1,1,5.00%,16,0,0,0,0.00%,9,0,0,0,0.00%,9,0,0,0,0.00%,5,0,0,0,0.00%,10,0,0,0,0.00%,2,0,0,0,0.00%,20,0,0,0,0.00%,18,0,0,0,0.00%
161,51312,1,0,0,0,0.00%,2,0,0,0,0.00%,1,0,0,0,0.00%,2,0,0,0,0.00%,7,0,0,0,0.00%,4,0,0,0,0.00%,1,0,0,0,0.00%,3,0,0,0,0.00%,3,0,1,3,33.33%,,,,,,,,,,,5,0,0,0,0.00%,3,0,1,1,33.33%,3,0,0,0,0.00%
162,52941,1,0,1,1,100.00%,6,0,1,1,16.67%,1,0,0,0,0.00%,18,0,1,1,5.56%,24,0,0,0,0.00%,14,0,0,0,0.00%,17,0,1,1,5.88%,6,0,0,0,0.00%,11,0,0,0,0.00%,15,0,0,0,0.00%,7,0,0,0,0.00%,14,0,0,0,0.00%,13,0,1,1,7.69%,21,0,0,0,0.00%
163,53606,1,0,0,0,0.00%,3,0,0,0,0.00%,1,0,0,0,0.00%,2,0,0,0,0.00%,1,0,0,0,0.00%,2,0,0,0,0.00%,4,0,0,0,0.00%,3,0,0,0,0.00%,6,0,0,0,0.00%,1,0,0,0,0.00%,,,,,,5,0,0,0,0.00%,1,0,0,0,0.00%,2,0,0,0,0.00%
164,55571,1,0,0,0,0.00%,20,0,2,2,10.00%,21,0,0,0,0.00%,24,0,1,1,4.17%,19,0,1,1,5.26%,29,0,1,1,3.45%,39,0,2,2,5.13%,21,0,1,1,4.76%,21,0,0,0,0.00%,22,0,0,0,0.00%,15,0,0,0,0.00%,25,0,0,0,0.00%,40,0,0,0,0.00%,50,0,0,0,0.00%
165,55917,1,0,0,0,0.00%,7,0,1,1,14.29%,6,0,0,0,0.00%,,,,,,8,0,1,1,12.50%,10,0,0,0,0.00%,19,0,1,1,5.26%,4,0,0,0,0.00%,9,0,0,0,0.00%,5,0,0,0,0.00%,,,,,,8,0,0,0,0.00%,10,0,0,0,0.00%,7,0,0,0,0.00%
166,55998,1,0,0,0,0.00%,7,0,0,0,0.00%,7,0,0,0,0.00%,,,,,,,,,,,9,0,0,0,0.00%,11,0,0,0,0.00%,8,0,0,0,0.00%,7,0,0,0,0.00%,6,0,1,1,16.67%,,,,,,1,0,0,0,0.00%,7,0,1,1,14.29%,16,0,1,1,6.25%
167,98938,1,0,0,0,0.00%,25,0,0,0,0.00%,32,0,0,0,0.00%,,,,,,31,0,1,1,3.23%,31,0,0,0,0.00%,38,0,2,6,5.26%,29,0,0,0,0.00%,20,0,0,0,0.00%,20,0,0,0,0.00%,1,0,0,0,0.00%,21,0,1,2,4.76%,33,0,1,1,3.03%,38,0,0,0,0.00%
168,101413,1,0,0,0,0.00%,2,0,0,0,0.00%,6,0,0,0,0.00%,1,0,0,0,0.00%,3,0,0,0,0.00%,4,0,0,0,0.00%,6,0,0,0,0.00%,9,0,0,0,0.00%,1,0,0,0,0.00%,,,,,,3,0,0,0,0.00%,8,0,0,0,0.00%,6,0,0,0,0.00%,10,0,0,0,0.00%
169,101452,1,0,0,0,0.00%,5,0,0,0,0.00%,9,0,0,0,0.00%,9,0,0,0,0.00%,12,1,0,0,8.33%,13,0,0,0,0.00%,21,0,0,0,0.00%,12,1,0,0,8.33%,2,0,0,0,0.00%,5,0,0,0,0.00%,8,0,0,0,0.00%,10,0,0,0,0.00%,14,0,0,0,0.00%,13,0,0,0,0.00%
170,102449,1,0,0,0,0.00%,12,0,0,0,0.00%,5,0,0,0,0.00%,8,0,0,0,0.00%,11,0,0,0,0.00%,13,0,0,0,0.00%,17,0,0,0,0.00%,20,0,0,0,0.00%,4,0,0,0,0.00%,12,0,1,1,8.33%,8,0,0,0,0.00%,8,0,0,0,0.00%,13,0,0,0,0.00%,9,0,0,0,0.00%
171,103524,1,0,0,0,0.00%,30,0,0,0,0.00%,25,0,0,0,0.00%,18,0,0,0,0.00%,36,0,1,5,2.78%,33,0,1,3,3.03%,58,0,0,0,0.00%,30,0,1,1,3.33%,20,0,0,0,0.00%,16,0,0,0,0.00%,20,0,1,1,5.00%,46,0,0,0,0.00%,33,0,1,1,3.03%,66,0,0,0,0.00%
172,105467,1,0,0,0,0.00%,4,0,0,0,0.00%,9,0,0,0,0.00%,7,0,1,1,14.29%,9,0,1,2,11.11%,3,0,0,0,0.00%,5,0,0,0,0.00%,1,0,1,2,100.00%,6,0,2,2,33.33%,5,0,0,0,0.00%,3,0,0,0,0.00%,4,0,0,0,0.00%,4,0,0,0,0.00%,8,0,1,1,12.50%
173,105847,1,0,0,0,0.00%,2,0,0,0,0.00%,3,0,0,0,0.00%,4,0,0,0,0.00%,2,0,0,0,0.00%,7,0,0,0,0.00%,10,0,0,0,0.00%,4,0,0,0,0.00%,6,0,0,0,0.00%,3,0,0,0,0.00%,6,0,0,0,0.00%,9,0,0,0,0.00%,8,0,0,0,0.00%,5,0,0,0,0.00%
174,106557,1,0,0,0,0.00%,6,0,0,0,0.00%,7,0,1,1,14.29%,7,0,0,0,0.00%,10,0,0,0,0.00%,8,0,0,0,0.00%,3,0,0,0,0.00%,5,0,0,0,0.00%,2,0,0,0,0.00%,2,0,0,0,0.00%,2,0,0,0,0.00%,6,0,0,0,0.00%,8,0,0,0,0.00%,6,0,0,0,0.00%
175,106763,1,0,0,0,0.00%,9,0,1,1,11.11%,13,0,1,1,7.69%,6,0,1,1,16.67%,9,0,2,3,22.22%,10,0,0,0,0.00%,22,0,2,2,9.09%,12,0,1,2,8.33%,9,0,0,0,0.00%,11,0,0,0,0.00%,11,0,1,1,9.09%,11,0,0,0,0.00%,17,0,1,1,5.88%,17,0,0,0,0.00%
176,106794,1,0,0,0,0.00%,1,0,0,0,0.00%,8,0,0,0,0.00%,4,0,0,0,0.00%,5,0,0,0,0.00%,5,0,0,0,0.00%,6,0,0,0,0.00%,6,0,0,0,0.00%,8,0,0,0,0.00%,3,0,0,0,0.00%,9,0,0,0,0.00%,6,0,0,0,0.00%,8,0,0,0,0.00%,3,0,0,0,0.00%
177,106804,1,0,0,0,0.00%,26,0,0,0,0.00%,16,1,0,0,6.25%,11,0,0,0,0.00%,2,0,0,0,0.00%,21,0,0,0,0.00%,19,1,1,3,10.53%,14,0,0,0,0.00%,24,0,0,0,0.00%,16,0,0,0,0.00%,23,0,1,2,4.35%,5,0,0,0,0.00%,20,0,0,0,0.00%,20,0,1,1,5.00%
178,107070,1,0,0,0,0.00%,2,0,0,0,0.00%,1,0,0,0,0.00%,1,0,0,0,0.00%,2,0,0,0,0.00%,7,0,0,0,0.00%,5,0,0,0,0.00%,3,0,0,0,0.00%,3,0,0,0,0.00%,4,0,0,0,0.00%,3,0,0,0,0.00%,4,0,0,0,0.00%,4,0,0,0,0.00%,5,0,0,0,0.00%
179,109899,1,0,0,0,0.00%,7,0,0,0,0.00%,2,0,0,0,0.00%,3,0,0,0,0.00%,8,0,0,0,0.00%,12,0,0,0,0.00%,5,0,0,0,0.00%,6,0,0,0,0.00%,6,0,0,0,0.00%,8,0,1,1,12.50%,3,0,0,0,0.00%,8,0,0,0,0.00%,4,0,0,0,0.00%,8,0,1,1,12.50%
180,109924,1,0,0,0,0.00%,13,0,0,0,0.00%,16,0,0,0,0.00%,1,0,0,0,0.00%,9,0,0,0,0.00%,13,0,0,0,0.00%,13,0,0,0,0.00%,7,0,0,0,0.00%,9,2,0,0,22.22%,8,0,0,0,0.00%,2,0,0,0,0.00%,11,0,0,0,0.00%,11,0,0,0,0.00%,14,0,0,0,0.00%
181,110242,1,0,0,0,0.00%,12,0,0,0,0.00%,4,0,0,0,0.00%,14,0,0,0,0.00%,19,0,0,0,0.00%,18,0,0,0,0.00%,18,0,1,1,5.56%,13,0,0,0,0.00%,17,0,0,0,0.00%,8,0,0,0,0.00%,16,0,0,0,0.00%,21,0,0,0,0.00%,13,0,0,0,0.00%,29,0,0,0,0.00%
182,110358,1,0,0,0,0.00%,3,0,0,0,0.00%,3,0,0,0,0.00%,,,,,,5,0,1,2,20.00%,11,0,0,0,0.00%,10,0,0,0,0.00%,2,0,0,0,0.00%,5,0,0,0,0.00%,6,0,0,0,0.00%,,,,,,9,0,0,0,0.00%,8,0,0,0,0.00%,5,0,0,0,0.00%
183,110574,1,0,0,0,0.00%,13,0,0,0,0.00%,14,0,0,0,0.00%,,,,,,17,0,1,1,5.88%,17,0,0,0,0.00%,21,0,0,0,0.00%,11,0,0,0,0.00%,22,0,0,0,0.00%,15,0,1,1,6.67%,,,,,,14,0,0,0,0.00%,13,0,0,0,0.00%,25,0,0,0,0.00%
184,111463,1,0,0,0,0.00%,25,0,0,0,0.00%,15,0,0,0,0.00%,11,1,0,0,9.09%,26,0,0,0,0.00%,26,1,0,0,3.85%,38,0,0,0,0.00%,27,0,0,0,0.00%,18,0,0,0,0.00%,21,0,0,0,0.00%,12,0,0,0,0.00%,12,0,0,0,0.00%,37,0,0,0,0.00%,46,0,0,0,0.00%
185,111835,1,0,0,0,0.00%,24,0,1,1,4.17%,14,0,0,0,0.00%,25,0,1,1,4.00%,2,0,0,0,0.00%,32,0,0,0,0.00%,28,0,1,2,3.57%,20,0,3,3,15.00%,32,0,3,3,9.38%,23,0,0,0,0.00%,24,0,0,0,0.00%,2,0,0,0,0.00%,23,0,0,0,0.00%,31,0,0,0,0.00%
186,111848,1,0,0,0,0.00%,6,0,1,1,16.67%,2,0,0,0,0.00%,,,,,,8,0,0,0,0.00%,9,0,1,1,11.11%,11,0,1,1,9.09%,4,0,0,0,0.00%,4,0,2,2,50.00%,,,,,,,,,,,4,0,1,2,25.00%,9,0,0,0,0.00%,7,0,0,0,0.00%
187,112071,1,0,0,0,0.00%,2,0,0,0,0.00%,,,,,,,,,,,1,0,0,0,0.00%,3,0,0,0,0.00%,4,0,0,0,0.00%,1,0,0,0,0.00%,3,0,0,0,0.00%,,,,,,,,,,,,,,,,,,,,,,,,,
188,112182,1,0,0,0,0.00%,17,0,0,0,0.00%,10,0,0,0,0.00%,1,0,0,0,0.00%,29,0,0,0,0.00%,27,0,0,0,0.00%,25,0,0,0,0.00%,15,0,0,0,0.00%,12,0,0,0,0.00%,14,0,0,0,0.00%,,,,,,21,0,0,0,0.00%,19,0,0,0,0.00%,32,0,0,0,0.00%
189,112690,1,0,0,0,0.00%,7,0,0,0,0.00%,3,0,0,0,0.00%,5,0,0,0,0.00%,13,0,0,0,0.00%,12,1,1,2,16.67%,13,0,0,0,0.00%,5,0,0,0,0.00%,6,0,0,0,0.00%,6,0,0,0,0.00%,5,0,0,0,0.00%,8,0,0,0,0.00%,8,0,0,0,0.00%,10,0,0,0,0.00%
190,112704,1,0,0,0,0.00%,7,0,0,0,0.00%,,,,,,,,,,,,,,,,,,,,,,,,,,,,,,,,,,,,,,,,,,,,,,,,,,,,,,,,,,,,
191,112718,1,0,0,0,0.00%,5,0,0,0,0.00%,3,0,0,0,0.00%,6,0,0,0,0.00%,11,0,2,2,18.18%,17,0,1,2,5.88%,9,0,1,2,11.11%,4,0,1,2,25.00%,5,0,0,0,0.00%,3,0,0,0,0.00%,5,0,0,0,0.00%,15,1,2,2,20.00%,13,0,0,0,0.00%,7,0,1,3,14.29%
192,113338,1,0,0,0,0.00%,6,0,1,1,16.67%,4,0,0,0,0.00%,10,0,0,0,0.00%,2,0,0,0,0.00%,9,1,0,0,11.11%,4,0,1,1,25.00%,5,0,0,0,0.00%,4,0,0,0,0.00%,,,,,,2,0,0,0,0.00%,1,0,0,0,0.00%,13,0,0,0,0.00%,12,0,0,0,0.00%
193,113423,1,0,0,0,0.00%,29,1,0,0,3.45%,30,0,0,0,0.00%,21,0,0,0,0.00%,3,0,0,0,0.00%,43,0,0,0,0.00%,73,1,1,1,2.74%,39,0,0,0,0.00%,25,0,0,0,0.00%,23,0,0,0,0.00%,39,1,0,0,2.56%,1,0,0,0,0.00%,53,1,1,1,3.77%,84,0,0,0,0.00%
194,113427,1,0,0,0,0.00%,17,0,1,1,5.88%,,,,,,,,,,,,,,,,21,0,0,0,0.00%,31,0,1,1,3.23%,21,0,0,0,0.00%,12,0,0,0,0.00%,,,,,,,,,,,,,,,,27,0,1,1,3.70%,27,0,1,1,3.70%
195,113475,1,0,0,0,0.00%,,,,,,2,0,0,0,0.00%,4,0,0,0,0.00%,3,0,0,0,0.00%,4,0,0,0,0.00%,2,0,0,0,0.00%,,,,,,2,0,0,0,0.00%,1,0,0,0,0.00%,2,0,0,0,0.00%,2,0,0,0,0.00%,4,0,0,0,0.00%,4,0,0,0,0.00%
196,113541,1,0,0,0,0.00%,7,0,0,0,0.00%,8,0,0,0,0.00%,4,0,0,0,0.00%,12,0,0,0,0.00%,12,0,1,1,8.33%,10,0,0,0,0.00%,6,0,0,0,0.00%,5,0,0,0,0.00%,7,0,0,0,0.00%,10,0,0,0,0.00%,11,0,0,0,0.00%,7,0,0,0,0.00%,5,0,1,1,20.00%
197,113547,1,0,0,0,0.00%,18,0,0,0,0.00%,7,0,0,0,0.00%,10,0,0,0,0.00%,,,,,,23,0,0,0,0.00%,20,0,0,0,0.00%,11,0,0,0,0.00%,8,0,0,0,0.00%,11,0,1,1,9.09%,6,0,0,0,0.00%,4,0,0,0,0.00%,12,0,1,1,8.33%,16,0,1,1,6.25%
198,113649,1,0,0,0,0.00%,1,0,0,0,0.00%,2,0,0,0,0.00%,,,,,,,,,,,2,0,0,0,0.00%,1,0,0,0,0.00%,,,,,,,,,,,,,,,,1,0,0,0,0.00%,1,0,0,0,0.00%,,,,,,,,,,
199,113982,1,0,0,0,0.00%,,,,,,,,,,,,,,,,,,,,,2,0,0,0,0.00%,,,,,,,,,,,,,,,,,,,,,1,0,0,0,0.00%,1,0,0,0,0.00%,1,0,0,0,0.00%,,,,,
200,114067,1,0,0,0,0.00%,3,0,0,0,0.00%,6,0,0,0,0.00%,10,0,0,0,0.00%,16,0,0,0,0.00%,16,0,0,0,0.00%,15,0,0,0,0.00%,8,0,0,0,0.00%,6,0,0,0,0.00%,9,0,1,1,11.11%,6,0,0,0,0.00%,17,0,0,0,0.00%,12,0,0,0,0.00%,10,1,0,0,10.00%
201,114159,1,0,0,0,0.00%,5,0,0,0,0.00%,1,0,0,0,0.00%,2,0,0,0,0.00%,4,0,0,0,0.00%,1,0,0,0,0.00%,,,,,,2,0,0,0,0.00%,1,0,0,0,0.00%,,,,,,,,,,,,,,,,,,,,,,,,,
202,114179,1,0,0,0,0.00%,18,0,0,0,0.00%,11,0,0,0,0.00%,11,0,0,0,0.00%,20,0,0,0,0.00%,14,0,0,0,0.00%,18,0,0,0,0.00%,28,0,0,0,0.00%,14,0,0,0,0.00%,19,0,0,0,0.00%,13,0,0,0,0.00%,17,0,0,0,0.00%,23,0,0,0,0.00%,27,1,2,2,11.11%
203,112770,,,,,,82,0,1,3,1.22%,95,1,3,3,4.21%,,,,,,92,0,0,0,0.00%,105,0,1,1,0.95%,116,1,3,3,3.45%,94,0,2,5,2.13%,77,0,1,1,1.30%,69,0,1,1,1.45%,,,,,,64,0,0,0,0.00%,124,1,2,2,2.42%,139,0,2,2,1.44%
204,112919,,,,,,41,0,2,2,4.88%,49,0,0,0,0.00%,24,0,1,1,4.17%,3,0,0,0,0.00%,59,0,0,0,0.00%,105,1,2,2,2.86%,45,0,1,1,2.22%,44,0,1,1,2.27%,34,1,0,0,2.94%,26,0,0,0,0.00%,1,0,0,0,0.00%,52,0,1,1,1.92%,94,0,0,0,0.00%
205,98427,,,,,,32,0,0,0,0.00%,32,0,0,0,0.00%,26,0,1,1,3.85%,47,1,0,0,2.13%,60,0,3,3,5.00%,71,0,2,3,2.82%,35,0,1,1,2.86%,31,0,1,1,3.23%,29,0,2,2,6.90%,37,1,2,6,8.11%,40,0,0,0,0.00%,58,0,1,1,1.72%,79,0,1,1,1.27%
206,12285,,,,,,37,0,1,1,2.70%,30,0,1,1,3.33%,34,0,0,0,0.00%,44,0,0,0,0.00%,41,1,1,1,4.88%,71,0,2,2,2.82%,41,0,1,1,2.44%,41,0,0,0,0.00%,37,0,0,0,0.00%,32,0,1,1,3.13%,51,0,0,0,0.00%,48,0,0,0,0.00%,71,0,0,0,0.00%
207,113868,,,,,,70,1,3,3,5.71%,20,0,1,1,5.00%,31,0,0,0,0.00%,,,,,,,,,,,,,,,,,,,,,,,,,,,,,,,,,,,,,,,,,,,,,,,,,,
208,114026,,,,,,,,,,,1,0,0,0,0.00%,21,0,0,0,0.00%,28,0,0,0,0.00%,35,0,0,0,0.00%,65,0,1,1,1.54%,38,0,0,0,0.00%,,,,,,,,,,,14,0,0,0,0.00%,39,0,1,3,2.56%,48,0,2,2,4.17%,52,0,0,0,0.00%
209,113099,,,,,,25,1,0,0,4.00%,32,0,2,3,6.25%,,,,,,32,0,1,1,3.13%,47,0,0,0,0.00%,50,0,0,0,0.00%,26,0,0,0,0.00%,28,0,1,1,3.57%,39,1,0,0,2.56%,,,,,,38,0,0,0,0.00%,42,0,0,0,0.00%,64,0,2,2,3.13%
210,22197,,,,,,26,0,0,0,0.00%,23,0,3,3,13.04%,17,0,1,1,5.88%,33,0,0,0,0.00%,43,0,0,0,0.00%,62,0,1,1,1.61%,44,0,1,1,2.27%,22,0,0,0,0.00%,24,0,0,0,0.00%,23,0,1,1,4.35%,36,0,1,1,2.78%,32,0,1,3,3.13%,35,0,0,0,0.00%
211,113437,,,,,,,,,,,,,,,,,,,,,,,,,,1,0,1,2,100.00%,54,0,1,1,1.85%,5,0,0,0,0.00%,,,,,,,,,,,4,0,1,1,25.00%,26,0,2,2,7.69%,6,0,1,1,16.67%,57,0,1,1,1.75%
212,56169,,,,,,33,1,0,0,3.03%,23,0,0,0,0.00%,35,0,0,0,0.00%,18,0,0,0,0.00%,37,0,1,1,2.70%,28,0,0,0,0.00%,44,1,0,0,2.27%,47,0,2,3,4.26%,38,0,0,0,0.00%,35,0,2,2,5.71%,19,0,1,1,5.26%,43,0,2,2,4.65%,55,0,0,0,0.00%
213,9631,,,,,,16,0,0,0,0.00%,11,0,0,0,0.00%,,,,,,13,0,0,0,0.00%,33,0,1,1,3.03%,27,0,1,1,3.70%,24,1,0,0,4.17%,14,0,0,0,0.00%,15,0,0,0,0.00%,,,,,,21,0,0,0,0.00%,36,1,0,0,2.78%,53,0,1,1,1.89%
214,112954,,,,,,19,0,1,1,5.26%,19,0,1,3,5.26%,,,,,,14,0,0,0,0.00%,36,0,3,3,8.33%,51,0,1,1,1.96%,13,0,1,1,7.69%,19,0,1,2,5.26%,19,0,0,0,0.00%,,,,,,33,1,1,1,6.06%,19,0,3,3,15.79%,29,0,1,1,3.45%
215,113906,,,,,,,,,,,5,0,1,1,20.00%,8,0,0,0,0.00%,,,,,,,,,,,40,0,1,1,2.50%,11,0,0,0,0.00%,11,0,0,0,0.00%,22,0,1,1,4.55%,36,1,2,2,8.33%,38,0,0,0,0.00%,40,1,0,0,2.50%,51,2,2,2,7.84%
216,8169,,,,,,39,0,1,1,2.56%,25,0,2,3,8.00%,15,0,0,0,0.00%,22,0,0,0,0.00%,43,0,1,1,2.33%,49,0,1,4,2.04%,30,0,1,1,3.33%,25,0,0,0,0.00%,16,0,1,2,6.25%,24,0,0,0,0.00%,19,0,0,0,0.00%,30,0,1,1,3.33%,44,0,1,2,2.27%
217,113122,,,,,,21,0,1,1,4.76%,11,1,1,1,18.18%,13,0,0,0,0.00%,36,0,0,0,0.00%,39,0,0,0,0.00%,45,0,0,0,0.00%,17,0,0,0,0.00%,19,0,0,0,0.00%,15,0,0,0,0.00%,16,0,0,0,0.00%,31,0,0,0,0.00%,30,0,0,0,0.00%,49,0,1,1,2.04%
218,33440,,,,,,30,0,0,0,0.00%,16,0,0,0,0.00%,,,,,,,,,,,48,0,0,0,0.00%,37,0,0,0,0.00%,18,0,1,1,5.56%,17,0,1,1,5.88%,17,0,0,0,0.00%,,,,,,29,0,0,0,0.00%,28,0,0,0,0.00%,47,0,1,1,2.13%
219,109232,,,,,,,,,,,,,,,,,,,,,,,,,,29,0,1,1,3.45%,29,0,0,0,0.00%,18,0,0,0,0.00%,38,0,0,0,0.00%,34,0,0,0,0.00%,20,0,0,0,0.00%,25,0,0,0,0.00%,48,1,0,0,2.08%,26,0,0,0,0.00%
220,7268,,,,,,23,0,0,0,0.00%,10,0,0,0,0.00%,22,0,0,0,0.00%,41,1,1,1,4.88%,40,0,0,0,0.00%,46,0,0,0,0.00%,29,0,0,0,0.00%,24,0,0,0,0.00%,29,0,1,1,3.45%,,,,,,,,,,,2,0,0,0,0.00%,,,,,
221,113543,,,,,,,,,,,,,,,,18,0,0,0,0.00%,2,0,0,0,0.00%,28,1,0,0,3.57%,45,0,0,0,0.00%,32,0,0,0,0.00%,29,0,0,0,0.00%,22,1,2,2,13.64%,14,0,2,2,14.29%,3,0,0,0,0.00%,24,0,0,0,0.00%,35,0,0,0,0.00%
222,51908,,,,,,27,0,0,0,0.00%,27,0,0,0,0.00%,,,,,,33,0,0,0,0.00%,32,0,0,0,0.00%,35,0,0,0,0.00%,25,0,0,0,0.00%,32,0,0,0,0.00%,23,0,1,1,4.35%,,,,,,34,0,0,0,0.00%,44,0,1,1,2.27%,33,0,0,0,0.00%
223,15128,,,,,,29,0,0,0,0.00%,31,0,0,0,0.00%,11,0,0,0,0.00%,17,0,0,0,0.00%,25,0,0,0,0.00%,23,1,0,0,4.35%,27,0,0,0,0.00%,25,0,2,2,8.00%,21,0,0,0,0.00%,13,0,0,0,0.00%,31,0,0,0,0.00%,40,0,0,0,0.00%,44,0,0,0,0.00%
224,42380,,,,,,23,0,0,0,0.00%,15,0,0,0,0.00%,1,0,0,0,0.00%,30,0,0,0,0.00%,38,0,1,1,2.63%,36,0,0,0,0.00%,25,0,0,0,0.00%,23,0,0,0,0.00%,13,0,0,0,0.00%,1,0,0,0,0.00%,26,0,0,0,0.00%,37,0,0,0,0.00%,44,0,0,0,0.00%
225,12362,,,,,,20,0,0,0,0.00%,14,1,0,0,7.14%,12,0,0,0,0.00%,28,0,0,0,0.00%,27,0,0,0,0.00%,43,0,1,1,2.33%,20,0,0,0,0.00%,19,0,0,0,0.00%,11,0,0,0,0.00%,14,0,0,0,0.00%,28,0,2,2,7.14%,38,0,0,0,0.00%,36,0,0,0,0.00%
226,36630,,,,,,13,0,0,0,0.00%,,,,,,4,1,0,0,25.00%,,,,,,,,,,,,,,,,,,,,,,,,,,11,0,0,0,0.00%,36,0,2,2,5.56%,43,0,0,0,0.00%,,,,,,34,0,0,0,0.00%
227,4540,,,,,,25,0,0,0,0.00%,12,0,0,0,0.00%,20,0,0,0,0.00%,38,0,0,0,0.00%,30,0,0,0,0.00%,42,0,2,2,4.76%,22,0,0,0,0.00%,15,0,0,0,0.00%,16,0,1,1,6.25%,18,0,0,0,0.00%,19,0,0,0,0.00%,31,0,0,0,0.00%,43,0,0,0,0.00%
228,10180,,,,,,21,1,0,0,4.76%,20,2,0,0,10.00%,16,1,0,0,6.25%,42,0,0,0,0.00%,29,2,1,1,10.34%,42,3,0,0,7.14%,23,1,0,0,4.35%,25,3,0,0,12.00%,19,1,0,0,5.26%,22,1,0,0,4.55%,42,1,0,0,2.38%,28,1,0,0,3.57%,33,0,0,0,0.00%
229,23705,,,,,,11,0,0,0,0.00%,11,0,0,0,0.00%,11,0,0,0,0.00%,20,0,0,0,0.00%,23,0,0,0,0.00%,26,0,0,0,0.00%,14,0,1,1,7.14%,15,0,0,0,0.00%,12,0,0,0,0.00%,21,0,0,0,0.00%,17,0,0,0,0.00%,26,0,0,0,0.00%,41,1,2,2,7.32%
230,3915,,,,,,30,0,3,3,10.00%,15,0,0,0,0.00%,1,0,0,0,0.00%,29,0,0,0,0.00%,26,0,0,0,0.00%,38,0,0,0,0.00%,21,0,0,0,0.00%,25,0,1,1,4.00%,12,0,0,0,0.00%,2,0,0,0,0.00%,29,0,1,3,3.45%,31,0,0,0,0.00%,40,0,4,4,10.00%
231,111549,,,,,,10,0,0,0,0.00%,15,0,1,1,6.67%,,,,,,19,0,0,0,0.00%,27,0,1,4,3.70%,39,1,2,3,7.69%,19,0,1,2,5.26%,16,0,0,0,0.00%,16,1,0,0,6.25%,,,,,,22,0,0,0,0.00%,28,0,1,1,3.57%,38,0,0,0,0.00%
232,37738,,,,,,,,,,,,,,,,,,,,,,,,,,,,,,,,,,,,22,0,0,0,0.00%,30,0,0,0,0.00%,39,0,1,1,2.56%,35,0,0,0,0.00%,,,,,,,,,,,,,,,
233,22573,,,,,,24,0,1,1,4.17%,12,0,0,0,0.00%,9,0,0,0,0.00%,24,0,0,0,0.00%,20,0,1,2,5.00%,29,0,0,0,0.00%,19,0,0,0,0.00%,21,0,0,0,0.00%,14,0,0,0,0.00%,13,0,0,0,0.00%,14,0,0,0,0.00%,24,0,1,1,4.17%,39,0,0,0,0.00%
234,2098,,,,,,14,0,0,0,0.00%,23,0,0,0,0.00%,15,0,0,0,0.00%,19,0,0,0,0.00%,26,0,0,0,0.00%,38,1,0,0,2.63%,24,0,0,0,0.00%,12,0,0,0,0.00%,15,0,0,0,0.00%,13,0,0,0,0.00%,19,0,1,1,5.26%,23,0,0,0,0.00%,33,0,0,0,0.00%
235,109357,,,,,,12,0,0,0,0.00%,13,0,0,0,0.00%,8,0,0,0,0.00%,14,0,0,0,0.00%,28,0,0,0,0.00%,18,0,0,0,0.00%,24,0,0,0,0.00%,13,0,0,0,0.00%,20,0,0,0,0.00%,11,0,0,0,0.00%,18,0,0,0,0.00%,32,0,0,0,0.00%,38,0,0,0,0.00%
236,112090,,,,,,24,0,1,1,4.17%,20,0,2,2,10.00%,19,0,1,1,5.26%,29,0,1,1,3.45%,26,0,0,0,0.00%,36,0,2,2,5.56%,16,0,0,0,0.00%,17,0,0,0,0.00%,13,0,0,0,0.00%,16,0,1,3,6.25%,21,0,0,0,0.00%,31,0,1,1,3.23%,38,0,1,1,2.63%
237,114118,,,,,,,,,,,,,,,,,,,,,,,,,,1,0,0,0,0.00%,37,0,0,0,0.00%,,,,,,,,,,,,,,,,1,0,0,0,0.00%,,,,,,,,,,,,,,,
238,5144,,,,,,19,0,0,0,0.00%,20,0,0,0,0.00%,21,0,1,2,4.76%,31,0,1,1,3.23%,28,0,0,0,0.00%,35,0,1,1,2.86%,19,0,0,0,0.00%,16,0,1,1,6.25%,19,0,0,0,0.00%,16,0,0,0,0.00%,30,0,0,0,0.00%,32,0,1,2,3.13%,31,0,1,1,3.23%
239,12565,,,,,,,,,,,,,,,,,,,,,,,,,,28,1,0,0,3.57%,,,,,,,,,,,,,,,,35,0,1,1,2.86%,,,,,,,,,,,,,,,,,,,,
240,101307,,,,,,3,0,0,0,0.00%,7,0,0,0,0.00%,6,0,0,0,0.00%,,,,,,,,,,,,,,,,3,0,0,0,0.00%,10,1,0,0,10.00%,2,0,0,0,0.00%,11,0,0,0,0.00%,26,0,0,0,0.00%,33,0,0,0,0.00%,35,0,1,1,2.86%
241,104856,,,,,,18,0,2,2,11.11%,14,0,0,0,0.00%,12,0,0,0,0.00%,21,0,1,2,4.76%,17,0,0,0,0.00%,34,1,0,0,2.94%,15,0,0,0,0.00%,11,0,1,2,9.09%,18,0,0,0,0.00%,13,0,0,0,0.00%,26,0,1,1,3.85%,23,0,0,0,0.00%,35,0,2,2,5.71%
242,114009,,,,,,,,,,,12,0,0,0,0.00%,,,,,,,,,,,,,,,,3,0,0,0,0.00%,17,0,0,0,0.00%,17,0,0,0,0.00%,11,0,0,0,0.00%,,,,,,3,0,0,0,0.00%,22,0,1,1,4.55%,34,0,0,0,0.00%
243,16117,,,,,,12,0,0,0,0.00%,19,0,0,0,0.00%,,,,,,3,0,0,0,0.00%,19,0,0,0,0.00%,33,0,0,0,0.00%,12,0,0,0,0.00%,13,0,0,0,0.00%,8,0,0,0,0.00%,,,,,,13,0,0,0,0.00%,21,0,0,0,0.00%,33,0,0,0,0.00%
244,14338,,,,,,11,0,0,0,0.00%,7,1,0,0,14.29%,6,0,0,0,0.00%,17,0,0,0,0.00%,18,0,0,0,0.00%,14,0,0,0,0.00%,15,0,1,1,6.67%,14,0,0,0,0.00%,7,0,0,0,0.00%,9,0,0,0,0.00%,33,0,0,0,0.00%,27,0,0,0,0.00%,15,0,0,0,0.00%
245,103666,,,,,,14,0,0,0,0.00%,21,0,0,0,0.00%,14,0,0,0,0.00%,26,0,0,0,0.00%,32,0,1,1,3.13%,28,0,0,0,0.00%,17,0,0,0,0.00%,11,0,0,0,0.00%,22,0,0,0,0.00%,19,0,1,1,5.26%,24,0,0,0,0.00%,25,0,0,0,0.00%,25,0,0,0,0.00%
246,110757,,,,,,3,0,0,0,0.00%,12,0,0,0,0.00%,18,0,0,0,0.00%,17,0,1,1,5.88%,16,0,0,0,0.00%,22,0,0,0,0.00%,29,0,0,0,0.00%,21,0,0,0,0.00%,15,0,0,0,0.00%,11,0,0,0,0.00%,21,0,0,0,0.00%,18,0,0,0,0.00%,31,0,0,0,0.00%
247,113275,,,,,,8,0,0,0,0.00%,14,0,0,0,0.00%,8,1,0,0,12.50%,21,4,0,0,19.05%,29,1,0,0,3.45%,28,1,0,0,3.57%,19,1,0,0,5.26%,17,1,0,0,5.88%,11,0,0,0,0.00%,13,2,0,0,15.38%,22,1,0,0,4.55%,21,0,0,0,0.00%,31,1,0,0,3.23%
248,113213,,,,,,17,0,0,0,0.00%,13,0,1,1,7.69%,16,0,0,0,0.00%,24,0,0,0,0.00%,21,0,0,0,0.00%,24,0,0,0,0.00%,13,0,0,0,0.00%,14,0,1,1,7.14%,6,0,0,0,0.00%,18,0,0,0,0.00%,21,0,0,0,0.00%,20,0,0,0,0.00%,30,0,0,0,0.00%
249,108311,,,,,,29,0,7,10,24.14%,21,0,5,7,23.81%,19,0,2,3,10.53%,,,,,,,,,,,,,,,,,,,,,,,,,,,,,,,,,,,,,,,,,,,,,,,,,,
250,107063,,,,,,8,0,0,0,0.00%,15,0,1,1,6.67%,,,,,,29,1,1,3,6.90%,27,0,2,2,7.41%,21,0,1,1,4.76%,16,0,1,1,6.25%,9,1,0,0,11.11%,7,0,0,0,0.00%,,,,,,21,0,0,0,0.00%,21,0,0,0,0.00%,26,0,1,1,3.85%
251,112981,,,,,,16,0,2,2,12.50%,11,0,0,0,0.00%,1,0,0,0,0.00%,28,0,0,0,0.00%,18,0,0,0,0.00%,21,0,0,0,0.00%,13,0,0,0,0.00%,8,0,0,0,0.00%,9,0,1,1,11.11%,1,0,0,0,0.00%,17,0,0,0,0.00%,11,0,0,0,0.00%,20,0,0,0,0.00%
252,108637,,,,,,12,0,0,0,0.00%,1,0,0,0,0.00%,11,0,0,0,0.00%,7,0,0,0,0.00%,19,0,0,0,0.00%,28,0,0,0,0.00%,13,0,1,1,7.69%,7,0,0,0,0.00%,,,,,,8,0,0,0,0.00%,15,0,0,0,0.00%,25,1,1,2,8.00%,17,0,0,0,0.00%
253,111619,,,,,,17,0,0,0,0.00%,1,0,0,0,0.00%,22,0,0,0,0.00%,26,0,1,1,3.85%,24,0,0,0,0.00%,16,0,0,0,0.00%,20,0,0,0,0.00%,8,0,0,0,0.00%,1,0,0,0,0.00%,18,0,1,1,5.56%,28,0,2,2,7.14%,23,0,0,0,0.00%,22,0,0,0,0.00%
254,43389,,,,,,10,0,0,0,0.00%,16,0,0,0,0.00%,15,0,0,0,0.00%,23,0,0,0,0.00%,23,0,1,1,4.35%,20,0,1,1,5.00%,23,0,0,0,0.00%,17,0,0,0,0.00%,9,0,0,0,0.00%,15,0,0,0,0.00%,16,0,1,1,6.25%,28,0,0,0,0.00%,20,0,0,0,0.00%
255,109544,,,,,,16,0,1,1,6.25%,14,0,0,0,0.00%,16,0,0,0,0.00%,27,0,1,1,3.70%,20,0,0,0,0.00%,14,1,0,0,7.14%,15,0,1,2,6.67%,14,0,0,0,0.00%,22,0,0,0,0.00%,15,0,0,0,0.00%,18,0,2,2,11.11%,23,0,1,2,4.35%,18,0,1,1,5.56%
256,19564,,,,,,7,0,0,0,0.00%,6,0,0,0,0.00%,9,0,0,0,0.00%,1,0,0,0,0.00%,18,0,0,0,0.00%,27,0,0,0,0.00%,3,0,0,0,0.00%,7,0,0,0,0.00%,5,0,0,0,0.00%,1,0,0,0,0.00%,11,0,0,0,0.00%,16,0,0,0,0.00%,26,0,0,0,0.00%
257,98931,,,,,,5,0,0,0,0.00%,,,,,,,,,,,22,0,0,0,0.00%,16,0,0,0,0.00%,27,0,0,0,0.00%,27,1,0,0,3.70%,10,0,0,0,0.00%,,,,,,2,0,0,0,0.00%,17,0,1,1,5.88%,21,0,0,0,0.00%,25,0,0,0,0.00%
258,113605,,,,,,,,,,,,,,,,,,,,,14,0,0,0,0.00%,22,0,0,0,0.00%,27,0,1,3,3.70%,12,0,0,0,0.00%,,,,,,,,,,,,,,,,15,0,0,0,0.00%,15,0,0,0,0.00%,18,0,0,0,0.00%
259,114081,,,,,,22,0,0,0,0.00%,26,2,2,3,15.38%,,,,,,,,,,,,,,,,,,,,,,,,,,,,,,,,,,,,,,,,,,,,,,,,,,,,,,,
260,18704,,,,,,11,0,0,0,0.00%,,,,,,2,0,0,0,0.00%,9,0,0,0,0.00%,9,0,0,0,0.00%,25,0,0,0,0.00%,12,0,1,4,8.33%,7,0,0,0,0.00%,,,,,,8,0,0,0,0.00%,6,0,0,0,0.00%,9,0,0,0,0.00%,23,0,1,1,4.35%
261,112513,,,,,,7,0,0,0,0.00%,24,0,0,0,0.00%,2,0,0,0,0.00%,17,0,0,0,0.00%,,,,,,4,0,0,0,0.00%,6,0,0,0,0.00%,7,0,0,0,0.00%,14,0,1,1,7.14%,2,0,1,1,50.00%,14,0,0,0,0.00%,,,,,,2,0,0,0,0.00%
262,23306,,,,,,10,0,5,14,50.00%,,,,,,3,0,0,0,0.00%,24,0,2,3,8.33%,14,0,4,4,28.57%,16,0,0,0,0.00%,15,0,6,21,40.00%,17,0,1,1,5.88%,14,0,3,3,21.43%,13,0,1,2,7.69%,16,0,0,0,0.00%,20,0,0,0,0.00%,17,0,3,10,17.65%
263,36938,,,,,,9,0,0,0,0.00%,1,0,0,0,0.00%,17,0,0,0,0.00%,15,0,1,1,6.67%,24,0,2,2,8.33%,24,0,0,0,0.00%,15,0,0,0,0.00%,14,0,1,2,7.14%,4,0,0,0,0.00%,9,0,0,0,0.00%,22,0,0,0,0.00%,23,0,1,2,4.35%,23,0,0,0,0.00%
264,12449,,,,,,6,0,0,0,0.00%,4,0,0,0,0.00%,,,,,,13,0,1,1,7.69%,9,0,0,0,0.00%,24,0,0,0,0.00%,5,0,0,0,0.00%,8,0,0,0,0.00%,6,0,0,0,0.00%,,,,,,9,0,0,0,0.00%,15,0,0,0,0.00%,19,0,0,0,0.00%
265,12494,,,,,,16,0,0,0,0.00%,6,0,0,0,0.00%,17,0,0,0,0.00%,15,1,0,0,6.67%,21,0,2,2,9.52%,24,0,0,0,0.00%,16,0,0,0,0.00%,10,1,0,0,10.00%,,,,,,,,,,,,,,,,,,,,,,,,,
266,113998,,,,,,17,1,0,0,5.88%,18,0,0,0,0.00%,10,0,0,0,0.00%,19,0,0,0,0.00%,20,0,0,0,0.00%,24,0,0,0,0.00%,11,0,0,0,0.00%,17,0,0,0,0.00%,13,0,0,0,0.00%,12,0,0,0,0.00%,8,0,0,0,0.00%,15,0,0,0,0.00%,20,0,0,0,0.00%
267,33962,,,,,,11,0,0,0,0.00%,13,0,0,0,0.00%,10,0,0,0,0.00%,14,1,0,0,7.14%,16,0,0,0,0.00%,23,0,0,0,0.00%,14,0,0,0,0.00%,11,0,0,0,0.00%,17,0,0,0,0.00%,12,0,0,0,0.00%,17,0,0,0,0.00%,22,0,1,1,4.55%,10,0,0,0,0.00%
268,33977,,,,,,8,0,0,0,0.00%,7,0,0,0,0.00%,6,0,0,0,0.00%,,,,,,9,0,0,0,0.00%,23,0,0,0,0.00%,5,0,0,0,0.00%,11,0,0,0,0.00%,8,0,0,0,0.00%,9,0,0,0,0.00%,,,,,,13,0,0,0,0.00%,18,0,0,0,0.00%
269,49827,,,,,,10,0,0,0,0.00%,7,0,0,0,0.00%,8,0,0,0,0.00%,,,,,,14,0,0,0,0.00%,23,0,0,0,0.00%,15,0,0,0,0.00%,12,0,1,1,8.33%,10,0,1,1,10.00%,7,0,1,2,14.29%,,,,,,14,0,0,0,0.00%,20,0,0,0,0.00%
270,12770,,,,,,7,0,0,0,0.00%,11,0,0,0,0.00%,,,,,,,,,,,,,,,,,,,,,,,,,,8,0,1,1,12.50%,5,0,1,1,20.00%,7,0,0,0,0.00%,,,,,,5,0,0,0,0.00%,23,0,1,1,4.35%
271,111342,,,,,,8,0,0,0,0.00%,9,0,0,0,0.00%,,,,,,8,0,0,0,0.00%,2,0,0,0,0.00%,20,0,0,0,0.00%,3,0,0,0,0.00%,10,0,0,0,0.00%,8,0,0,0,0.00%,,,,,,18,0,0,0,0.00%,18,3,0,0,16.67%,23,0,0,0,0.00%
272,102018,,,,,,6,0,0,0,0.00%,6,0,0,0,0.00%,5,0,0,0,0.00%,3,0,0,0,0.00%,15,0,0,0,0.00%,22,0,0,0,0.00%,11,0,0,0,0.00%,7,0,0,0,0.00%,12,0,0,0,0.00%,10,0,0,0,0.00%,1,0,0,0,0.00%,13,0,0,0,0.00%,17,0,0,0,0.00%
273,112247,,,,,,14,0,0,0,0.00%,9,0,0,0,0.00%,9,0,0,0,0.00%,20,1,2,4,15.00%,13,0,0,0,0.00%,22,1,2,2,13.64%,11,0,0,0,0.00%,15,0,1,2,6.67%,5,0,0,0,0.00%,17,0,0,0,0.00%,20,0,1,1,5.00%,15,0,0,0,0.00%,13,0,0,0,0.00%
274,112553,,,,,,9,0,0,0,0.00%,2,0,0,0,0.00%,7,0,0,0,0.00%,15,0,0,0,0.00%,19,1,0,0,5.26%,18,0,0,0,0.00%,11,0,0,0,0.00%,10,0,0,0,0.00%,1,0,0,0,0.00%,7,0,0,0,0.00%,15,0,0,0,0.00%,22,0,0,0,0.00%,18,0,1,1,5.56%
275,11308,,,,,,8,0,0,0,0.00%,1,0,0,0,0.00%,12,0,1,1,8.33%,13,0,0,0,0.00%,19,0,0,0,0.00%,14,0,0,0,0.00%,7,0,1,3,14.29%,8,0,0,0,0.00%,1,0,0,0,0.00%,8,0,0,0,0.00%,17,0,0,0,0.00%,14,0,1,2,7.14%,22,0,0,0,0.00%
276,32684,,,,,,8,0,0,0,0.00%,11,0,0,0,0.00%,,,,,,16,0,0,0,0.00%,19,0,1,1,5.26%,18,0,0,0,0.00%,13,1,0,0,7.69%,13,0,1,2,7.69%,10,0,1,1,10.00%,1,0,0,0,0.00%,9,0,0,0,0.00%,15,0,0,0,0.00%,22,0,2,3,9.09%
277,108566,,,,,,9,0,1,1,11.11%,4,0,0,0,0.00%,7,0,1,1,14.29%,,,,,,11,0,1,1,9.09%,18,0,0,0,0.00%,11,0,2,7,18.18%,7,0,0,0,0.00%,8,0,0,0,0.00%,2,0,0,0,0.00%,17,0,3,3,17.65%,21,0,1,1,4.76%,22,0,1,1,4.55%
278,100614,,,,,,8,0,0,0,0.00%,9,0,0,0,0.00%,11,0,1,1,9.09%,21,0,0,0,0.00%,16,0,0,0,0.00%,16,0,0,0,0.00%,9,0,0,0,0.00%,12,0,0,0,0.00%,9,0,0,0,0.00%,4,0,0,0,0.00%,16,0,0,0,0.00%,9,0,0,0,0.00%,17,0,0,0,0.00%
279,5374,,,,,,10,0,0,0,0.00%,10,0,0,0,0.00%,5,0,0,0,0.00%,11,0,0,0,0.00%,21,0,0,0,0.00%,14,0,1,2,7.14%,8,0,0,0,0.00%,7,0,0,0,0.00%,6,0,0,0,0.00%,8,0,0,0,0.00%,17,0,0,0,0.00%,18,0,0,0,0.00%,18,0,0,0,0.00%
280,5784,,,,,,7,0,0,0,0.00%,6,0,0,0,0.00%,8,0,0,0,0.00%,2,0,0,0,0.00%,12,0,0,0,0.00%,10,0,0,0,0.00%,10,0,0,0,0.00%,7,0,0,0,0.00%,5,0,0,0,0.00%,6,0,0,0,0.00%,1,0,0,0,0.00%,12,0,0,0,0.00%,21,0,0,0,0.00%
281,100737,,,,,,5,0,0,0,0.00%,9,0,0,0,0.00%,5,0,0,0,0.00%,7,0,0,0,0.00%,12,0,0,0,0.00%,7,0,1,1,14.29%,13,0,0,0,0.00%,6,0,0,0,0.00%,9,0,0,0,0.00%,6,0,0,0,0.00%,15,0,0,0,0.00%,10,0,1,1,10.00%,21,0,0,0,0.00%
282,109398,,,,,,10,1,0,0,10.00%,9,0,0,0,0.00%,17,0,0,0,0.00%,8,0,0,0,0.00%,14,0,0,0,0.00%,20,0,0,0,0.00%,11,0,0,0,0.00%,5,0,0,0,0.00%,9,0,0,0,0.00%,17,0,0,0,0.00%,10,0,0,0,0.00%,6,0,0,0,0.00%,16,0,2,3,12.50%
283,113355,,,,,,,,,,,,,,,,,,,,,,,,,,,,,,,,,,,,,,,,,4,0,0,0,0.00%,20,0,1,1,5.00%,1,0,0,0,0.00%,,,,,,,,,,,,,,,
284,113259,,,,,,,,,,,,,,,,,,,,,,,,,,,,,,,,,,,,3,0,0,0,0.00%,10,0,0,0,0.00%,13,0,0,0,0.00%,1,0,0,0,0.00%,19,0,0,0,0.00%,20,0,0,0,0.00%,19,0,0,0,0.00%
285,111188,,,,,,9,0,0,0,0.00%,5,0,0,0,0.00%,,,,,,11,0,0,0,0.00%,11,0,0,0,0.00%,18,0,0,0,0.00%,10,0,0,0,0.00%,7,0,0,0,0.00%,3,0,0,0,0.00%,,,,,,10,0,0,0,0.00%,15,0,0,0,0.00%,20,0,0,0,0.00%
286,14486,,,,,,19,0,0,0,0.00%,19,0,0,0,0.00%,11,0,0,0,0.00%,,,,,,,,,,,,,,,,,,,,,,,,,,,,,,,,,,,,,,,,,,,,,,,,,,
287,102112,,,,,,8,0,0,0,0.00%,4,0,0,0,0.00%,10,0,0,0,0.00%,14,1,0,0,7.14%,19,1,0,0,5.26%,11,1,0,0,9.09%,9,0,0,0,0.00%,4,1,0,0,25.00%,,,,,,,,,,,,,,,,,,,,,,,,,
288,15850,,,,,,,,,,,,,,,,,,,,,,,,,,,,,,,14,0,0,0,0.00%,,,,,,4,0,0,0,0.00%,19,0,0,0,0.00%,,,,,,,,,,,,,,,,,,,,
289,6184,,,,,,9,0,2,2,22.22%,4,0,0,0,0.00%,7,0,0,0,0.00%,13,1,0,0,7.69%,15,0,0,0,0.00%,12,0,0,0,0.00%,10,0,0,0,0.00%,7,0,0,0,0.00%,7,0,0,0,0.00%,3,0,0,0,0.00%,17,0,1,1,5.88%,14,0,0,0,0.00%,19,0,1,1,5.26%
290,111060,,,,,,4,0,0,0,0.00%,3,0,0,0,0.00%,7,0,0,0,0.00%,6,0,0,0,0.00%,8,0,1,1,12.50%,9,0,0,0,0.00%,6,0,0,0,0.00%,5,0,0,0,0.00%,2,0,0,0,0.00%,6,0,0,0,0.00%,4,0,0,0,0.00%,8,0,0,0,0.00%,19,0,0,0,0.00%
291,101127,,,,,,5,0,0,0,0.00%,2,0,0,0,0.00%,,,,,,11,0,0,0,0.00%,11,0,0,0,0.00%,18,0,0,0,0.00%,9,0,0,0,0.00%,8,0,0,0,0.00%,4,0,0,0,0.00%,,,,,,8,0,0,0,0.00%,11,0,0,0,0.00%,12,0,0,0,0.00%
292,112498,,,,,,6,0,0,0,0.00%,,,,,,5,0,0,0,0.00%,5,0,0,0,0.00%,6,0,0,0,0.00%,5,0,0,0,0.00%,2,0,0,0,0.00%,5,0,0,0,0.00%,,,,,,18,1,0,0,5.56%,4,0,0,0,0.00%,15,0,0,0,0.00%,5,0,0,0,0.00%
293,10399,,,,,,5,1,0,0,20.00%,6,0,0,0,0.00%,7,1,0,0,14.29%,13,0,0,0,0.00%,14,0,0,0,0.00%,9,0,0,0,0.00%,4,0,0,0,0.00%,9,0,0,0,0.00%,3,0,0,0,0.00%,9,0,0,0,0.00%,15,0,0,0,0.00%,18,0,0,0,0.00%,11,0,0,0,0.00%
294,111888,,,,,,4,0,0,0,0.00%,7,0,0,0,0.00%,,,,,,6,0,0,0,0.00%,9,0,0,0,0.00%,6,0,1,1,16.67%,6,0,0,0,0.00%,3,0,0,0,0.00%,1,0,0,0,0.00%,,,,,,9,0,0,0,0.00%,3,0,0,0,0.00%,18,0,0,0,0.00%
295,109801,,,,,,9,0,1,1,11.11%,1,0,0,0,0.00%,,,,,,,,,,,4,0,0,0,0.00%,17,0,0,0,0.00%,10,0,1,1,10.00%,6,0,0,0,0.00%,6,0,0,0,0.00%,,,,,,,,,,,7,0,0,0,0.00%,7,0,1,2,14.29%
296,112432,,,,,,11,0,0,0,0.00%,8,0,0,0,0.00%,10,0,0,0,0.00%,7,0,0,0,0.00%,13,0,0,0,0.00%,17,0,0,0,0.00%,14,0,0,0,0.00%,6,0,0,0,0.00%,8,0,0,0,0.00%,9,0,0,0,0.00%,6,0,1,1,16.67%,9,0,0,0,0.00%,9,0,0,0,0.00%
297,12628,,,,,,,,,,,8,0,0,0,0.00%,16,0,0,0,0.00%,,,,,,,,,,,10,0,0,0,0.00%,17,0,0,0,0.00%,,,,,,,,,,,3,0,0,0,0.00%,,,,,,,,,,,11,0,0,0,0.00%
298,3895,,,,,,6,0,0,0,0.00%,4,0,0,0,0.00%,5,0,0,0,0.00%,9,1,0,0,11.11%,11,0,0,0,0.00%,6,0,0,0,0.00%,10,0,0,0,0.00%,9,0,0,0,0.00%,6,0,0,0,0.00%,6,0,0,0,0.00%,7,0,0,0,0.00%,17,0,0,0,0.00%,5,0,1,1,20.00%
299,4705,,,,,,,,,,,,,,,,,,,,,,,,,,,,,,,12,0,0,0,0.00%,9,0,1,1,11.11%,14,1,1,1,14.29%,5,0,1,1,20.00%,10,0,0,0,0.00%,,,,,,17,1,0,0,5.88%,14,0,0,0,0.00%
300,12381,,,,,,7,0,0,0,0.00%,11,0,0,0,0.00%,9,0,1,1,11.11%,13,0,0,0,0.00%,14,0,1,1,7.14%,15,0,0,0,0.00%,6,0,0,0,0.00%,8,0,1,1,12.50%,6,0,0,0,0.00%,7,0,0,0,0.00%,11,0,1,1,9.09%,12,0,0,0,0.00%,17,0,0,0,0.00%
301,50880,,,,,,7,0,0,0,0.00%,8,0,0,0,0.00%,7,0,0,0,0.00%,13,0,0,0,0.00%,12,0,0,0,0.00%,13,0,0,0,0.00%,9,0,0,0,0.00%,10,0,0,0,0.00%,7,0,0,0,0.00%,3,0,0,0,0.00%,6,0,0,0,0.00%,16,0,0,0,0.00%,17,0,0,0,0.00%
302,108373,,,,,,16,0,0,0,0.00%,9,0,0,0,0.00%,5,0,0,0,0.00%,,,,,,,,,,,,,,,,,,,,,,,,,,,,,,,,,,,,,,,,,,,,,,,,,,
303,18915,,,,,,7,0,1,1,14.29%,,,,,,,,,,,16,0,1,1,6.25%,15,0,0,0,0.00%,13,0,0,0,0.00%,4,0,0,0,0.00%,7,0,0,0,0.00%,1,0,0,0,0.00%,,,,,,13,0,0,0,0.00%,15,0,0,0,0.00%,10,0,0,0,0.00%
304,113931,,,,,,13,0,0,0,0.00%,9,0,0,0,0.00%,5,0,0,0,0.00%,13,0,0,0,0.00%,10,0,0,0,0.00%,16,0,0,0,0.00%,14,0,0,0,0.00%,8,0,0,0,0.00%,14,0,0,0,0.00%,6,0,0,0,0.00%,16,0,0,0,0.00%,11,0,0,0,0.00%,9,0,0,0,0.00%
305,48480,,,,,,,,,,,,,,,,,,,,,,,,,,,,,,,,,,,,,,,,,,,,,,,,,,,,,,,,,,,,,16,0,0,0,0.00%,,,,,
306,109488,,,,,,5,0,0,0,0.00%,5,0,0,0,0.00%,5,0,0,0,0.00%,7,0,0,0,0.00%,7,0,0,0,0.00%,9,0,0,0,0.00%,9,1,0,0,11.11%,10,0,2,2,20.00%,3,0,0,0,0.00%,13,0,0,0,0.00%,6,0,0,0,0.00%,10,0,0,0,0.00%,16,0,0,0,0.00%
307,3333,,,,,,10,1,1,1,20.00%,3,0,0,0,0.00%,3,0,1,1,33.33%,14,0,0,0,0.00%,15,0,0,0,0.00%,14,0,1,1,7.14%,3,0,0,0,0.00%,5,0,0,0,0.00%,9,0,0,0,0.00%,,,,,,9,0,1,1,11.11%,13,0,0,0,0.00%,10,0,0,0,0.00%
308,57813,,,,,,5,0,0,0,0.00%,,,,,,9,0,2,2,22.22%,11,0,0,0,0.00%,6,0,1,1,16.67%,15,0,2,2,13.33%,10,0,0,0,0.00%,12,0,1,1,8.33%,1,0,0,0,0.00%,10,0,0,0,0.00%,4,0,0,0,0.00%,7,0,1,1,14.29%,14,0,1,1,7.14%
309,113074,,,,,,7,0,0,0,0.00%,4,0,0,0,0.00%,9,0,0,0,0.00%,,,,,,5,0,0,0,0.00%,15,0,0,0,0.00%,8,0,0,0,0.00%,10,0,0,0,0.00%,10,0,0,0,0.00%,4,0,0,0,0.00%,,,,,,6,0,0,0,0.00%,13,0,0,0,0.00%
310,5162,,,,,,7,0,0,0,0.00%,10,0,0,0,0.00%,,,,,,,,,,,12,0,0,0,0.00%,,,,,,1,0,0,0,0.00%,12,1,0,0,8.33%,9,0,0,0,0.00%,7,0,0,0,0.00%,13,0,0,0,0.00%,15,0,0,0,0.00%,5,0,0,0,0.00%
311,114050,,,,,,6,0,0,0,0.00%,6,0,0,0,0.00%,5,0,0,0,0.00%,14,0,0,0,0.00%,2,0,0,0,0.00%,,,,,,,,,,,,,,,,,,,,,,,,,,,,,,,,,,,,,,,,
312,13394,,,,,,12,0,1,1,8.33%,9,0,0,0,0.00%,2,0,0,0,0.00%,11,0,1,1,9.09%,14,0,0,0,0.00%,6,0,0,0,0.00%,7,0,1,1,14.29%,14,0,1,1,7.14%,5,0,0,0,0.00%,1,0,0,0,0.00%,14,0,0,0,0.00%,7,0,0,0,0.00%,11,0,0,0,0.00%
313,16265,,,,,,4,0,0,0,0.00%,3,0,0,0,0.00%,,,,,,,,,,,14,0,0,0,0.00%,11,0,0,0,0.00%,2,0,0,0,0.00%,7,0,0,0,0.00%,6,0,1,1,16.67%,,,,,,5,0,0,0,0.00%,4,0,0,0,0.00%,12,0,0,0,0.00%
314,22721,,,,,,5,0,0,0,0.00%,3,0,0,0,0.00%,,,,,,6,0,0,0,0.00%,9,0,0,0,0.00%,14,0,0,0,0.00%,5,0,0,0,0.00%,5,0,0,0,0.00%,3,0,0,0,0.00%,,,,,,12,0,0,0,0.00%,9,0,0,0,0.00%,8,0,0,0,0.00%
315,29296,,,,,,7,0,1,1,14.29%,10,0,0,0,0.00%,6,0,0,0,0.00%,7,0,1,1,14.29%,12,0,1,1,8.33%,14,0,0,0,0.00%,11,0,0,0,0.00%,9,0,1,1,11.11%,4,0,0,0,0.00%,9,0,0,0,0.00%,10,0,0,0,0.00%,9,0,0,0,0.00%,13,0,0,0,0.00%
316,113809,,,,,,10,0,0,0,0.00%,6,0,0,0,0.00%,13,0,0,0,0.00%,,,,,,11,0,0,0,0.00%,11,2,0,0,18.18%,14,0,0,0,0.00%,5,0,0,0,0.00%,6,0,0,0,0.00%,,,,,,,,,,,,,,,,,,,,
317,26233,,,,,,3,0,0,0,0.00%,1,0,0,0,0.00%,4,0,0,0,0.00%,11,0,0,0,0.00%,,,,,,,,,,,,,,,,3,0,0,0,0.00%,,,,,,,,,,,14,0,0,0,0.00%,13,0,0,0,0.00%,,,,,
318,2384,,,,,,7,0,0,0,0.00%,8,0,0,0,0.00%,6,0,0,0,0.00%,4,0,0,0,0.00%,12,0,0,0,0.00%,12,0,0,0,0.00%,13,0,0,0,0.00%,7,0,0,0,0.00%,2,0,0,0,0.00%,5,0,0,0,0.00%,5,0,0,0,0.00%,14,0,0,0,0.00%,11,0,0,0,0.00%
319,3386,,,,,,2,0,0,0,0.00%,7,0,1,6,14.29%,12,0,3,3,25.00%,,,,,,13,0,1,1,7.69%,10,0,0,0,0.00%,13,0,1,1,7.69%,7,0,1,1,14.29%,6,0,0,0,0.00%,6,0,1,1,16.67%,,,,,,14,0,1,1,7.14%,10,0,1,1,10.00%
320,112748,,,,,,3,0,0,0,0.00%,6,0,0,0,0.00%,4,0,0,0,0.00%,2,0,0,0,0.00%,8,0,0,0,0.00%,6,0,0,0,0.00%,13,0,0,0,0.00%,5,0,0,0,0.00%,2,0,0,0,0.00%,4,0,0,0,0.00%,7,0,0,0,0.00%,14,0,0,0,0.00%,13,0,1,1,7.69%
321,112987,,,,,,8,0,0,0,0.00%,6,0,0,0,0.00%,7,0,0,0,0.00%,,,,,,9,0,0,0,0.00%,5,0,0,0,0.00%,6,0,0,0,0.00%,8,0,0,0,0.00%,5,0,0,0,0.00%,6,0,0,0,0.00%,1,0,0,0,0.00%,14,0,1,1,7.14%,13,0,0,0,0.00%
322,112502,,,,,,5,0,0,0,0.00%,3,0,0,0,0.00%,,,,,,5,0,0,0,0.00%,7,0,0,0,0.00%,8,0,0,0,0.00%,6,0,0,0,0.00%,5,0,0,0,0.00%,4,0,0,0,0.00%,1,0,0,0,0.00%,1,0,0,0,0.00%,12,0,1,1,8.33%,14,0,0,0,0.00%
323,113510,,,,,,5,0,1,1,20.00%,6,0,1,1,16.67%,8,0,0,0,0.00%,9,0,1,1,11.11%,3,1,0,0,33.33%,11,0,0,0,0.00%,3,0,0,0,0.00%,1,0,0,0,0.00%,3,0,0,0,0.00%,10,0,0,0,0.00%,7,0,0,0,0.00%,4,0,1,1,25.00%,14,0,1,1,7.14%
324,15084,,,,,,5,0,0,0,0.00%,,,,,,4,0,0,0,0.00%,13,0,0,0,0.00%,11,0,0,0,0.00%,12,0,0,0,0.00%,10,0,0,0,0.00%,3,0,0,0,0.00%,,,,,,,,,,,8,1,1,1,25.00%,8,0,0,0,0.00%,8,0,1,1,12.50%
325,107464,,,,,,8,0,0,0,0.00%,4,0,0,0,0.00%,4,0,0,0,0.00%,5,0,0,0,0.00%,7,0,0,0,0.00%,13,0,0,0,0.00%,5,0,0,0,0.00%,4,0,0,0,0.00%,4,0,1,1,25.00%,7,0,0,0,0.00%,3,0,0,0,0.00%,4,0,0,0,0.00%,12,0,0,0,0.00%
326,3259,,,,,,4,0,0,0,0.00%,9,0,0,0,0.00%,7,0,0,0,0.00%,11,0,0,0,0.00%,12,0,0,0,0.00%,6,0,0,0,0.00%,5,0,0,0,0.00%,4,0,0,0,0.00%,3,0,0,0,0.00%,5,0,0,0,0.00%,9,0,0,0,0.00%,13,0,0,0,0.00%,7,0,0,0,0.00%
327,16453,,,,,,7,0,0,0,0.00%,7,0,1,1,14.29%,,,,,,,,,,,7,0,0,0,0.00%,5,0,0,0,0.00%,8,0,0,0,0.00%,9,0,0,0,0.00%,6,0,1,1,16.67%,,,,,,6,0,0,0,0.00%,12,0,0,0,0.00%,13,0,0,0,0.00%
328,113205,,,,,,7,0,0,0,0.00%,2,0,0,0,0.00%,5,0,0,0,0.00%,6,0,0,0,0.00%,5,0,0,0,0.00%,11,0,0,0,0.00%,2,0,0,0,0.00%,,,,,,3,0,0,0,0.00%,8,0,0,0,0.00%,6,0,0,0,0.00%,6,0,0,0,0.00%,13,0,0,0,0.00%
329,110265,,,,,,12,0,0,0,0.00%,2,0,0,0,0.00%,1,0,0,0,0.00%,7,0,1,1,14.29%,5,2,0,0,40.00%,6,0,0,0,0.00%,2,0,0,0,0.00%,3,0,0,0,0.00%,,,,,,6,0,0,0,0.00%,8,0,0,0,0.00%,8,0,0,0,0.00%,11,0,0,0,0.00%
330,35204,,,,,,6,0,0,0,0.00%,12,0,2,2,16.67%,3,0,0,0,0.00%,10,0,0,0,0.00%,11,0,0,0,0.00%,9,0,0,0,0.00%,10,0,3,5,30.00%,4,0,0,0,0.00%,5,0,0,0,0.00%,3,0,0,0,0.00%,8,0,0,0,0.00%,4,0,1,1,25.00%,8,0,2,3,25.00%
331,55762,,,,,,2,0,0,0,0.00%,2,0,0,0,0.00%,,,,,,12,0,0,0,0.00%,3,0,0,0,0.00%,5,0,0,0,0.00%,5,0,0,0,0.00%,2,0,0,0,0.00%,4,0,0,0,0.00%,,,,,,7,0,0,0,0.00%,6,0,0,0,0.00%,3,0,0,0,0.00%
332,113519,,,,,,3,0,0,0,0.00%,6,0,0,0,0.00%,9,0,0,0,0.00%,,,,,,4,0,0,0,0.00%,12,0,0,0,0.00%,9,0,0,0,0.00%,11,0,1,1,9.09%,5,0,0,0,0.00%,6,0,0,0,0.00%,,,,,,4,0,0,0,0.00%,9,0,0,0,0.00%
333,113705,,,,,,8,0,0,0,0.00%,5,0,0,0,0.00%,4,0,0,0,0.00%,9,0,0,0,0.00%,3,0,0,0,0.00%,12,0,0,0,0.00%,1,0,0,0,0.00%,8,0,0,0,0.00%,2,0,0,0,0.00%,3,0,0,0,0.00%,4,0,0,0,0.00%,6,0,0,0,0.00%,10,0,0,0,0.00%
334,9724,,,,,,7,0,0,0,0.00%,5,0,0,0,0.00%,6,0,0,0,0.00%,5,0,0,0,0.00%,9,0,0,0,0.00%,4,0,0,0,0.00%,5,0,0,0,0.00%,2,0,0,0,0.00%,3,0,0,0,0.00%,6,0,0,0,0.00%,3,0,0,0,0.00%,7,0,0,0,0.00%,12,0,0,0,0.00%
335,109646,,,,,,1,0,0,0,0.00%,,,,,,,,,,,1,0,0,0,0.00%,3,0,0,0,0.00%,2,0,0,0,0.00%,1,0,0,0,0.00%,1,0,0,0,0.00%,3,0,0,0,0.00%,,,,,,1,0,0,0,0.00%,3,0,0,0,0.00%,12,0,0,0,0.00%
336,112936,,,,,,9,0,0,0,0.00%,5,0,0,0,0.00%,11,0,2,2,18.18%,1,0,0,0,0.00%,7,0,0,0,0.00%,10,0,0,0,0.00%,3,0,0,0,0.00%,7,0,0,0,0.00%,10,0,0,0,0.00%,6,0,0,0,0.00%,1,0,0,0,0.00%,11,0,0,0,0.00%,9,0,0,0,0.00%
337,25885,,,,,,7,0,0,0,0.00%,6,0,0,0,0.00%,5,0,0,0,0.00%,11,0,0,0,0.00%,11,0,0,0,0.00%,9,0,0,0,0.00%,3,0,0,0,0.00%,6,0,0,0,0.00%,6,0,0,0,0.00%,3,0,0,0,0.00%,4,0,0,0,0.00%,7,0,0,0,0.00%,4,0,0,0,0.00%
338,29331,,,,,,3,0,0,0,0.00%,3,0,0,0,0.00%,6,0,0,0,0.00%,11,0,0,0,0.00%,6,0,0,0,0.00%,5,0,0,0,0.00%,8,0,0,0,0.00%,5,0,0,0,0.00%,7,0,0,0,0.00%,3,0,0,0,0.00%,11,0,0,0,0.00%,9,0,0,0,0.00%,4,0,0,0,0.00%
339,113238,,,,,,8,0,1,1,12.50%,4,0,2,8,50.00%,,,,,,11,0,0,0,0.00%,,,,,,1,0,0,0,0.00%,7,0,0,0,0.00%,8,0,0,0,0.00%,2,0,0,0,0.00%,2,0,0,0,0.00%,4,0,0,0,0.00%,,,,,,1,0,0,0,0.00%
340,113859,,,,,,4,0,0,0,0.00%,,,,,,2,0,0,0,0.00%,11,0,0,0,0.00%,8,0,0,0,0.00%,4,0,0,0,0.00%,3,0,0,0,0.00%,3,0,0,0,0.00%,,,,,,,,,,,8,0,0,0,0.00%,8,1,0,0,12.50%,4,0,0,0,0.00%
341,109758,,,,,,4,0,1,1,25.00%,6,0,0,0,0.00%,2,0,0,0,0.00%,6,0,3,4,50.00%,8,0,1,1,12.50%,11,0,0,0,0.00%,4,0,0,0,0.00%,3,0,0,0,0.00%,4,0,0,0,0.00%,2,0,0,0,0.00%,8,0,0,0,0.00%,9,0,2,2,22.22%,2,0,0,0,0.00%
342,112211,,,,,,8,0,0,0,0.00%,1,0,0,0,0.00%,,,,,,6,0,0,0,0.00%,10,0,0,0,0.00%,3,0,0,0,0.00%,2,0,0,0,0.00%,3,0,0,0,0.00%,2,0,0,0,0.00%,,,,,,11,0,1,2,9.09%,5,0,0,0,0.00%,8,0,0,0,0.00%
343,110220,,,,,,2,0,0,0,0.00%,2,0,1,1,50.00%,1,0,1,1,100.00%,5,0,0,0,0.00%,6,0,1,1,16.67%,6,0,0,0,0.00%,3,0,0,0,0.00%,8,0,0,0,0.00%,3,0,0,0,0.00%,5,0,1,1,20.00%,3,0,1,1,33.33%,5,0,0,0,0.00%,11,0,1,1,9.09%
344,111681,,,,,,10,0,0,0,0.00%,1,0,0,0,0.00%,7,0,0,0,0.00%,4,0,0,0,0.00%,7,0,0,0,0.00%,7,0,0,0,0.00%,5,0,0,0,0.00%,4,0,0,0,0.00%,8,0,0,0,0.00%,6,0,0,0,0.00%,4,0,0,0,0.00%,9,0,0,0,0.00%,8,0,0,0,0.00%
345,17936,,,,,,,,,,,10,0,0,0,0.00%,2,0,0,0,0.00%,8,0,0,0,0.00%,10,0,0,0,0.00%,10,0,0,0,0.00%,3,0,0,0,0.00%,8,0,0,0,0.00%,4,0,0,0,0.00%,4,0,0,0,0.00%,1,0,0,0,0.00%,3,0,0,0,0.00%,9,0,0,0,0.00%
346,112487,,,,,,1,0,0,0,0.00%,3,0,0,0,0.00%,,,,,,10,0,0,0,0.00%,6,0,1,1,16.67%,9,0,1,4,11.11%,5,0,0,0,0.00%,4,0,0,0,0.00%,6,0,0,0,0.00%,,,,,,6,0,0,0,0.00%,8,0,0,0,0.00%,8,0,0,0,0.00%
347,109663,,,,,,5,0,0,0,0.00%,1,0,0,0,0.00%,3,0,0,0,0.00%,6,0,0,0,0.00%,10,0,0,0,0.00%,10,0,0,0,0.00%,3,0,0,0,0.00%,3,0,0,0,0.00%,5,0,0,0,0.00%,4,0,0,0,0.00%,3,0,0,0,0.00%,5,0,0,0,0.00%,6,0,0,0,0.00%
348,2307,,,,,,3,0,0,0,0.00%,7,0,0,0,0.00%,3,0,0,0,0.00%,8,0,0,0,0.00%,1,0,0,0,0.00%,10,0,1,1,10.00%,3,0,0,0,0.00%,4,0,0,0,0.00%,5,0,0,0,0.00%,3,0,0,0,0.00%,3,0,0,0,0.00%,6,0,0,0,0.00%,6,0,0,0,0.00%
349,8681,,,,,,8,0,0,0,0.00%,3,0,0,0,0.00%,8,0,0,0,0.00%,,,,,,5,0,0,0,0.00%,7,0,0,0,0.00%,10,0,0,0,0.00%,5,0,0,0,0.00%,2,0,0,0,0.00%,4,0,0,0,0.00%,,,,,,10,0,0,0,0.00%,5,0,0,0,0.00%
350,107520,,,,,,4,0,0,0,0.00%,,,,,,,,,,,6,0,1,1,16.67%,5,0,0,0,0.00%,6,0,0,0,0.00%,8,0,0,0,0.00%,1,0,0,0,0.00%,,,,,,2,0,0,0,0.00%,6,0,0,0,0.00%,10,0,0,0,0.00%,7,0,0,0,0.00%
351,3525,,,,,,7,0,0,0,0.00%,3,0,0,0,0.00%,5,0,0,0,0.00%,2,0,0,0,0.00%,8,0,0,0,0.00%,8,0,0,0,0.00%,5,0,0,0,0.00%,3,0,0,0,0.00%,3,0,0,0,0.00%,2,0,0,0,0.00%,3,0,0,0,0.00%,6,2,0,0,33.33%,10,0,1,2,10.00%
352,7052,,,,,,6,0,0,0,0.00%,,,,,,4,0,0,0,0.00%,,,,,,2,0,0,0,0.00%,6,0,0,0,0.00%,3,0,0,0,0.00%,3,0,0,0,0.00%,3,0,0,0,0.00%,1,0,0,0,0.00%,7,0,0,0,0.00%,8,0,0,0,0.00%,10,0,0,0,0.00%
353,108379,,,,,,4,0,0,0,0.00%,6,0,0,0,0.00%,5,0,0,0,0.00%,6,0,0,0,0.00%,7,0,0,0,0.00%,8,0,0,0,0.00%,2,0,0,0,0.00%,3,0,0,0,0.00%,1,0,0,0,0.00%,4,0,0,0,0.00%,6,0,0,0,0.00%,6,0,0,0,0.00%,10,0,0,0,0.00%
354,113231,,,,,,6,0,0,0,0.00%,,,,,,1,0,0,0,0.00%,7,0,0,0,0.00%,9,0,0,0,0.00%,4,0,0,0,0.00%,5,0,0,0,0.00%,4,0,0,0,0.00%,,,,,,,,,,,5,0,0,0,0.00%,2,0,1,1,50.00%,5,0,0,0,0.00%
355,2415,,,,,,2,0,0,0,0.00%,3,0,0,0,0.00%,6,0,0,0,0.00%,3,0,0,0,0.00%,5,0,1,1,20.00%,9,0,0,0,0.00%,6,0,0,0,0.00%,2,0,0,0,0.00%,2,0,0,0,0.00%,2,0,0,0,0.00%,3,0,0,0,0.00%,6,0,0,0,0.00%,2,0,0,0,0.00%
356,45672,,,,,,3,0,0,0,0.00%,4,0,0,0,0.00%,5,0,0,0,0.00%,3,0,0,0,0.00%,8,0,0,0,0.00%,9,0,0,0,0.00%,2,0,0,0,0.00%,3,0,0,0,0.00%,5,0,0,0,0.00%,2,0,0,0,0.00%,3,0,0,0,0.00%,1,0,0,0,0.00%,4,0,0,0,0.00%
357,102604,,,,,,4,0,0,0,0.00%,3,0,0,0,0.00%,4,0,0,0,0.00%,3,0,0,0,0.00%,6,0,1,1,16.67%,5,0,0,0,0.00%,2,0,0,0,0.00%,4,0,0,0,0.00%,9,0,0,0,0.00%,3,0,0,0,0.00%,3,0,0,0,0.00%,5,0,0,0,0.00%,6,0,0,0,0.00%
358,112336,,,,,,5,0,1,1,20.00%,1,0,0,0,0.00%,,,,,,1,0,0,0,0.00%,6,0,0,0,0.00%,7,1,1,1,28.57%,2,0,0,0,0.00%,4,0,0,0,0.00%,1,0,0,0,0.00%,,,,,,2,0,0,0,0.00%,8,0,0,0,0.00%,9,0,0,0,0.00%
359,101202,,,,,,8,0,0,0,0.00%,3,0,1,1,33.33%,4,0,1,1,25.00%,4,0,0,0,0.00%,4,0,0,0,0.00%,8,0,0,0,0.00%,5,0,0,0,0.00%,4,0,0,0,0.00%,4,0,0,0,0.00%,3,0,0,0,0.00%,2,0,0,0,0.00%,5,0,1,1,20.00%,6,0,0,0,0.00%
360,111135,,,,,,8,0,0,0,0.00%,3,0,0,0,0.00%,,,,,,,,,,,3,0,0,0,0.00%,1,0,0,0,0.00%,5,0,0,0,0.00%,2,0,0,0,0.00%,2,0,0,0,0.00%,4,0,0,0,0.00%,,,,,,3,0,0,0,0.00%,8,0,0,0,0.00%
361,54443,,,,,,2,0,0,0,0.00%,8,0,0,0,0.00%,,,,,,2,0,0,0,0.00%,2,0,0,0,0.00%,1,0,0,0,0.00%,2,0,0,0,0.00%,8,0,0,0,0.00%,1,0,0,0,0.00%,,,,,,3,0,0,0,0.00%,3,0,0,0,0.00%,4,0,0,0,0.00%
362,615,,,,,,2,0,0,0,0.00%,5,1,0,0,20.00%,1,0,0,0,0.00%,3,1,0,0,33.33%,8,0,0,0,0.00%,8,0,0,0,0.00%,7,0,0,0,0.00%,2,0,0,0,0.00%,3,0,0,0,0.00%,2,0,0,0,0.00%,3,0,0,0,0.00%,8,0,0,0,0.00%,4,0,0,0,0.00%
363,112636,,,,,,1,0,0,0,0.00%,,,,,,2,0,0,0,0.00%,7,0,0,0,0.00%,8,0,0,0,0.00%,6,0,0,0,0.00%,7,0,0,0,0.00%,4,0,0,0,0.00%,,,,,,4,0,0,0,0.00%,7,0,0,0,0.00%,5,0,0,0,0.00%,7,0,0,0,0.00%
364,109744,,,,,,,,,,,,,,,,2,0,0,0,0.00%,1,0,0,0,0.00%,3,0,1,1,33.33%,8,0,0,0,0.00%,3,0,0,0,0.00%,2,0,0,0,0.00%,,,,,,2,0,0,0,0.00%,1,0,0,0,0.00%,4,0,0,0,0.00%,8,0,0,0,0.00%
365,110857,,,,,,2,0,0,0,0.00%,,,,,,,,,,,3,0,0,0,0.00%,1,0,0,0,0.00%,2,0,0,0,0.00%,,,,,,2,0,0,0,0.00%,,,,,,,,,,,2,0,0,0,0.00%,8,0,0,0,0.00%,3,0,0,0,0.00%
366,113516,,,,,,1,0,0,0,0.00%,2,0,0,0,0.00%,1,0,0,0,0.00%,,,,,,2,0,0,0,0.00%,1,0,0,0,0.00%,1,0,0,0,0.00%,1,0,0,0,0.00%,,,,,,,,,,,2,0,0,0,0.00%,1,0,0,0,0.00%,8,0,0,0,0.00%
367,114054,,,,,,,,,,,3,0,0,0,0.00%,2,0,0,0,0.00%,1,0,0,0,0.00%,5,0,0,0,0.00%,6,0,0,0,0.00%,7,1,0,0,14.29%,3,0,0,0,0.00%,4,0,0,0,0.00%,5,0,0,0,0.00%,,,,,,6,0,0,0,0.00%,8,0,0,0,0.00%
368,55203,,,,,,1,0,0,0,0.00%,5,0,1,1,20.00%,7,0,4,10,57.14%,,,,,,,,,,,,,,,,,,,,,,,,,,,,,,,,,,,,,,,,,,,,,,,,,,
369,2912,,,,,,2,0,1,1,50.00%,,,,,,2,0,0,0,0.00%,7,0,0,0,0.00%,6,0,0,0,0.00%,1,0,0,0,0.00%,,,,,,4,0,0,0,0.00%,3,0,0,0,0.00%,,,,,,3,0,0,0,0.00%,5,0,0,0,0.00%,4,0,0,0,0.00%
370,113688,,,,,,2,0,0,0,0.00%,,,,,,,,,,,,,,,,7,0,0,0,0.00%,6,0,0,0,0.00%,2,0,0,0,0.00%,2,0,0,0,0.00%,1,0,0,0,0.00%,1,0,0,0,0.00%,2,0,0,0,0.00%,1,0,0,0,0.00%,4,0,0,0,0.00%
371,27915,,,,,,6,0,0,0,0.00%,1,0,0,0,0.00%,4,0,0,0,0.00%,5,0,0,0,0.00%,4,0,0,0,0.00%,7,0,0,0,0.00%,2,0,0,0,0.00%,2,0,0,0,0.00%,2,0,0,0,0.00%,3,0,1,1,33.33%,2,0,0,0,0.00%,4,0,0,0,0.00%,4,0,0,0,0.00%
372,108132,,,,,,5,0,1,1,20.00%,1,0,0,0,0.00%,4,0,0,0,0.00%,1,0,0,0,0.00%,3,0,0,0,0.00%,7,0,0,0,0.00%,4,0,0,0,0.00%,,,,,,,,,,,3,0,0,0,0.00%,1,0,0,0,0.00%,2,0,0,0,0.00%,5,0,0,0,0.00%
373,109524,,,,,,2,0,0,0,0.00%,2,0,0,0,0.00%,1,0,0,0,0.00%,3,0,0,0,0.00%,2,0,0,0,0.00%,7,0,0,0,0.00%,4,0,0,0,0.00%,2,0,0,0,0.00%,4,0,1,1,25.00%,3,0,0,0,0.00%,3,0,0,0,0.00%,7,0,0,0,0.00%,4,0,0,0,0.00%
374,3823,,,,,,1,0,0,0,0.00%,,,,,,2,0,0,0,0.00%,1,0,0,0,0.00%,6,0,0,0,0.00%,3,0,0,0,0.00%,2,0,0,0,0.00%,1,0,0,0,0.00%,,,,,,1,0,0,0,0.00%,7,0,0,0,0.00%,2,0,0,0,0.00%,,,,,
375,104439,,,,,,1,0,0,0,0.00%,1,0,0,0,0.00%,,,,,,2,0,0,0,0.00%,4,0,0,0,0.00%,4,0,0,0,0.00%,1,0,0,0,0.00%,1,0,0,0,0.00%,4,0,0,0,0.00%,1,0,0,0,0.00%,3,0,0,0,0.00%,7,0,2,2,28.57%,4,0,0,0,0.00%
376,106028,,,,,,,,,,,,,,,,,,,,,,,,,,,,,,,,,,,,,,,,,,,,,,,,,,,,,,,,,,,,,,,,,,7,0,0,0,0.00%
377,112355,,,,,,,,,,,,,,,,,,,,,,,,,,,,,,,4,0,0,0,0.00%,5,0,0,0,0.00%,,,,,,,,,,,,,,,,2,0,0,0,0.00%,4,1,0,0,25.00%,7,0,0,0,0.00%
378,113402,,,,,,,,,,,,,,,,1,0,0,0,0.00%,,,,,,1,0,0,0,0.00%,3,0,0,0,0.00%,3,0,0,0,0.00%,2,0,0,0,0.00%,,,,,,,,,,,1,0,0,0,0.00%,4,0,0,0,0.00%,7,0,0,0,0.00%
379,113700,,,,,,,,,,,,,,,,,,,,,,,,,,2,0,0,0,0.00%,,,,,,,,,,,,,,,,2,0,0,0,0.00%,3,0,0,0,0.00%,,,,,,,,,,,7,0,0,0,0.00%
380,3277,,,,,,6,0,1,2,16.67%,3,0,0,0,0.00%,4,1,0,0,25.00%,,,,,,,,,,,,,,,,,,,,,,,,,,,,,,,,,,,,,,,,,,,,,,,,,,
381,104813,,,,,,6,0,0,0,0.00%,,,,,,2,0,0,0,0.00%,5,0,0,0,0.00%,1,0,0,0,0.00%,,,,,,2,0,0,0,0.00%,3,0,0,0,0.00%,2,0,0,0,0.00%,2,0,0,0,0.00%,,,,,,,,,,,2,0,0,0,0.00%
382,25160,,,,,,,,,,,6,0,0,0,0.00%,,,,,,,,,,,,,,,,,,,,,,,,,,,,,,,,,,,,,,,,,,,,,,,,,,,,,,,
383,8558,,,,,,1,0,0,0,0.00%,3,2,0,0,66.67%,,,,,,6,1,0,0,16.67%,4,0,0,0,0.00%,5,0,0,0,0.00%,2,0,0,0,0.00%,2,0,0,0,0.00%,1,0,0,0,0.00%,,,,,,3,0,0,0,0.00%,3,0,0,0,0.00%,4,0,0,0,0.00%
384,47211,,,,,,1,0,0,0,0.00%,1,0,0,0,0.00%,3,0,0,0,0.00%,6,0,0,0,0.00%,1,0,0,0,0.00%,3,0,1,1,33.33%,2,0,0,0,0.00%,2,0,0,0,0.00%,2,0,0,0,0.00%,4,0,0,0,0.00%,5,0,1,1,20.00%,1,0,0,0,0.00%,3,0,0,0,0.00%
385,53491,,,,,,4,0,0,0,0.00%,2,0,0,0,0.00%,3,0,0,0,0.00%,6,0,0,0,0.00%,2,0,0,0,0.00%,2,0,0,0,0.00%,2,0,0,0,0.00%,1,0,0,0,0.00%,3,0,0,0,0.00%,2,0,0,0,0.00%,5,0,0,0,0.00%,3,0,0,0,0.00%,3,0,0,0,0.00%
386,107987,,,,,,1,0,0,0,0.00%,1,0,0,0,0.00%,3,0,0,0,0.00%,6,0,0,0,0.00%,5,0,0,0,0.00%,3,0,0,0,0.00%,5,0,0,0,0.00%,1,0,0,0,0.00%,2,0,0,0,0.00%,2,0,0,0,0.00%,2,0,0,0,0.00%,4,0,0,0,0.00%,,,,,
387,113250,,,,,,4,0,0,0,0.00%,2,0,0,0,0.00%,1,0,0,0,0.00%,6,0,0,0,0.00%,5,0,0,0,0.00%,5,0,0,0,0.00%,2,0,0,0,0.00%,1,0,0,0,0.00%,2,0,0,0,0.00%,,,,,,4,0,0,0,0.00%,5,0,0,0,0.00%,4,0,0,0,0.00%
388,6924,,,,,,2,0,0,0,0.00%,2,0,0,0,0.00%,,,,,,2,0,0,0,0.00%,6,0,0,0,0.00%,2,0,0,0,0.00%,2,0,0,0,0.00%,,,,,,2,0,0,0,0.00%,,,,,,5,0,0,0,0.00%,1,0,0,0,0.00%,4,0,0,0,0.00%
389,101370,,,,,,,,,,,,,,,,,,,,,,,,,,1,0,0,0,0.00%,,,,,,6,0,0,0,0.00%,,,,,,2,0,0,0,0.00%,,,,,,,,,,,,,,,,,,,,
390,54612,,,,,,4,0,0,0,0.00%,2,0,0,0,0.00%,2,0,0,0,0.00%,,,,,,,,,,,4,0,0,0,0.00%,2,0,0,0,0.00%,6,0,0,0,0.00%,1,0,0,0,0.00%,1,0,0,0,0.00%,,,,,,,,,,,2,0,0,0,0.00%
391,4035,,,,,,,,,,,,,,,,,,,,,,,,,,,,,,,3,0,0,0,0.00%,1,0,0,0,0.00%,2,0,0,0,0.00%,,,,,,1,0,0,0,0.00%,1,0,0,0,0.00%,6,0,0,0,0.00%,,,,,
392,113499,,,,,,1,0,0,0,0.00%,2,0,0,0,0.00%,,,,,,5,0,0,0,0.00%,1,0,0,0,0.00%,3,0,0,0,0.00%,,,,,,1,0,0,0,0.00%,,,,,,1,0,0,0,0.00%,1,0,0,0,0.00%,6,0,0,0,0.00%,3,0,0,0,0.00%
393,113972,,,,,,3,0,0,0,0.00%,2,0,0,0,0.00%,1,0,0,0,0.00%,2,0,0,0,0.00%,2,0,0,0,0.00%,,,,,,1,0,0,0,0.00%,3,0,0,0,0.00%,1,0,0,0,0.00%,1,0,0,0,0.00%,3,0,0,0,0.00%,6,0,1,2,16.67%,6,1,0,0,16.67%
394,113443,,,,,,4,0,0,0,0.00%,,,,,,3,0,0,0,0.00%,3,0,0,0,0.00%,3,0,0,0,0.00%,3,0,0,0,0.00%,4,0,0,0,0.00%,4,0,0,0,0.00%,5,0,0,0,0.00%,2,0,0,0,0.00%,1,0,0,0,0.00%,5,0,0,0,0.00%,6,0,0,0,0.00%
395,3530,,,,,,5,0,0,0,0.00%,2,0,0,0,0.00%,1,0,0,0,0.00%,3,0,0,0,0.00%,4,0,1,1,25.00%,5,0,0,0,0.00%,1,0,0,0,0.00%,4,0,0,0,0.00%,3,0,0,0,0.00%,3,0,0,0,0.00%,4,0,0,0,0.00%,3,0,0,0,0.00%,4,0,0,0,0.00%
396,32773,,,,,,,,,,,5,0,0,0,0.00%,3,0,0,0,0.00%,4,0,0,0,0.00%,1,0,0,0,0.00%,3,0,0,0,0.00%,1,0,0,0,0.00%,1,0,0,0,0.00%,2,0,0,0,0.00%,3,0,0,0,0.00%,2,0,0,0,0.00%,1,0,0,0,0.00%,1,0,0,0,0.00%
397,108278,,,,,,3,0,0,0,0.00%,2,0,0,0,0.00%,1,0,0,0,0.00%,5,0,0,0,0.00%,5,0,0,0,0.00%,4,0,0,0,0.00%,3,0,0,0,0.00%,1,0,0,0,0.00%,,,,,,3,0,0,0,0.00%,4,0,0,0,0.00%,3,0,0,0,0.00%,1,0,0,0,0.00%
398,100845,,,,,,1,0,0,0,0.00%,1,0,0,0,0.00%,2,0,0,0,0.00%,1,0,1,1,100.00%,5,0,1,2,20.00%,4,0,1,2,25.00%,2,0,0,0,0.00%,1,0,0,0,0.00%,,,,,,,,,,,1,0,0,0,0.00%,4,0,0,0,0.00%,1,0,0,0,0.00%
399,112429,,,,,,3,0,0,0,0.00%,,,,,,2,0,0,0,0.00%,2,0,0,0,0.00%,5,1,0,0,20.00%,3,0,0,0,0.00%,1,0,0,0,0.00%,1,0,0,0,0.00%,,,,,,,,,,,5,0,0,0,0.00%,4,0,0,0,0.00%,2,0,0,0,0.00%
400,113989,,,,,,3,0,0,0,0.00%,2,1,0,0,50.00%,4,0,0,0,0.00%,4,0,0,0,0.00%,5,0,0,0,0.00%,4,0,0,0,0.00%,4,0,0,0,0.00%,,,,,,3,0,0,0,0.00%,2,0,0,0,0.00%,1,0,0,0,0.00%,1,0,0,0,0.00%,2,0,0,0,0.00%
401,114123,,,,,,1,0,0,0,0.00%,3,0,0,0,0.00%,,,,,,,,,,,5,0,0,0,0.00%,4,0,0,0,0.00%,2,0,0,0,0.00%,4,0,0,0,0.00%,2,0,0,0,0.00%,,,,,,,,,,,,,,,,5,0,0,0,0.00%
402,37089,,,,,,,,,,,,,,,,,,,,,,,,,,2,0,0,0,0.00%,,,,,,5,0,0,0,0.00%,,,,,,,,,,,,,,,,4,0,0,0,0.00%,,,,,,,,,,
403,114035,,,,,,1,0,0,0,0.00%,2,0,0,0,0.00%,,,,,,,,,,,,,,,,,,,,,5,0,0,0,0.00%,5,0,0,0,0.00%,,,,,,,,,,,,,,,,,,,,,,,,,
404,16425,,,,,,2,0,0,0,0.00%,,,,,,2,0,0,0,0.00%,,,,,,2,0,0,0,0.00%,3,0,0,0,0.00%,4,0,0,0,0.00%,5,0,0,0,0.00%,,,,,,,,,,,,,,,,,,,,,,,,,
405,109389,,,,,,,,,,,,,,,,1,0,0,0,0.00%,1,0,0,0,0.00%,4,0,1,1,25.00%,1,0,0,0,0.00%,,,,,,5,0,0,0,0.00%,1,0,0,0,0.00%,2,0,0,0,0.00%,2,0,0,0,0.00%,1,0,0,0,0.00%,2,0,0,0,0.00%
406,112062,,,,,,,,,,,,,,,,,,,,,,,,,,,,,,,,,,,,,,,,,,,,,,5,1,0,0,20.00%,,,,,,,,,,,,,,,,,,,,
407,112811,,,,,,2,0,0,0,0.00%,2,0,0,0,0.00%,1,0,0,0,0.00%,2,0,0,0,0.00%,1,0,0,0,0.00%,,,,,,1,0,0,0,0.00%,3,0,0,0,0.00%,5,0,0,0,0.00%,3,0,0,0,0.00%,1,0,0,0,0.00%,,,,,,4,0,0,0,0.00%
408,113886,,,,,,,,,,,,,,,,2,0,0,0,0.00%,2,0,0,0,0.00%,4,0,0,0,0.00%,1,0,0,0,0.00%,3,0,0,0,0.00%,1,0,0,0,0.00%,,,,,,1,0,0,0,0.00%,5,0,0,0,0.00%,,,,,,1,0,0,0,0.00%
409,40991,,,,,,4,0,0,0,0.00%,3,0,0,0,0.00%,2,0,1,1,50.00%,4,0,0,0,0.00%,3,0,0,0,0.00%,4,1,0,0,25.00%,4,0,0,0,0.00%,2,0,0,0,0.00%,2,0,0,0,0.00%,3,0,0,0,0.00%,3,0,0,0,0.00%,3,0,0,0,0.00%,5,0,1,2,20.00%
410,107358,,,,,,2,0,0,0,0.00%,1,0,0,0,0.00%,1,0,0,0,0.00%,,,,,,3,0,0,0,0.00%,1,0,0,0,0.00%,2,0,0,0,0.00%,3,0,0,0,0.00%,3,0,0,0,0.00%,3,0,0,0,0.00%,,,,,,2,0,0,0,0.00%,5,0,0,0,0.00%
411,112259,,,,,,,,,,,3,0,0,0,0.00%,,,,,,2,0,0,0,0.00%,1,0,0,0,0.00%,1,0,0,0,0.00%,1,0,0,0,0.00%,1,0,0,0,0.00%,1,0,0,0,0.00%,1,0,0,0,0.00%,4,0,0,0,0.00%,2,0,0,0,0.00%,5,0,0,0,0.00%
412,113394,,,,,,3,0,0,0,0.00%,2,0,0,0,0.00%,1,0,0,0,0.00%,4,0,0,0,0.00%,4,0,1,1,25.00%,3,0,0,0,0.00%,4,0,1,1,25.00%,2,0,0,0,0.00%,,,,,,1,0,0,0,0.00%,1,0,0,0,0.00%,2,0,0,0,0.00%,5,0,0,0,0.00%
413,113969,,,,,,,,,,,,,,,,,,,,,,,,,,,,,,,,,,,,,,,,,,,,,,,,,,,,,,,,,,,,,4,0,0,0,0.00%,5,0,0,0,0.00%
414,114144,,,,,,,,,,,,,,,,,,,,,,,,,,,,,,,,,,,,,,,,,,,,,,,,,,,,,,,,,,,,,,,,,,5,0,0,0,0.00%
415,113126,,,,,,4,0,0,0,0.00%,,,,,,,,,,,,,,,,1,0,0,0,0.00%,4,0,0,0,0.00%,2,0,0,0,0.00%,1,0,0,0,0.00%,,,,,,,,,,,1,0,0,0,0.00%,2,0,0,0,0.00%,1,0,0,0,0.00%
416,2173,,,,,,,,,,,3,0,0,0,0.00%,1,0,0,0,0.00%,4,0,0,0,0.00%,3,0,0,0,0.00%,,,,,,1,0,0,0,0.00%,1,0,0,0,0.00%,,,,,,,,,,,,,,,,,,,,,,,,,
417,50374,,,,,,1,0,0,0,0.00%,1,0,0,0,0.00%,1,0,0,0,0.00%,4,0,1,1,25.00%,4,0,0,0,0.00%,2,0,0,0,0.00%,1,0,0,0,0.00%,,,,,,,,,,,,,,,,3,0,0,0,0.00%,4,0,0,0,0.00%,4,0,0,0,0.00%
418,102803,,,,,,,,,,,1,0,0,0,0.00%,3,0,0,0,0.00%,4,0,0,0,0.00%,1,0,0,0,0.00%,4,0,0,0,0.00%,3,0,0,0,0.00%,2,0,0,0,0.00%,1,0,0,0,0.00%,2,0,0,0,0.00%,1,0,0,0,0.00%,1,0,0,0,0.00%,,,,,
419,113749,,,,,,,,,,,,,,,,,,,,,4,0,0,0,0.00%,,,,,,2,0,0,0,0.00%,,,,,,,,,,,,,,,,,,,,,3,0,0,0,0.00%,3,0,0,0,0.00%,1,0,0,0,0.00%
420,7855,,,,,,1,0,0,0,0.00%,2,0,0,0,0.00%,3,0,0,0,0.00%,1,0,0,0,0.00%,4,0,0,0,0.00%,2,0,0,0,0.00%,2,0,0,0,0.00%,2,0,0,0,0.00%,,,,,,2,0,0,0,0.00%,,,,,,4,0,0,0,0.00%,3,0,0,0,0.00%
421,54765,,,,,,,,,,,1,0,0,0,0.00%,,,,,,3,0,0,0,0.00%,4,0,0,0,0.00%,4,0,0,0,0.00%,1,0,0,0,0.00%,,,,,,,,,,,,,,,,,,,,,,,,,,,,,,
422,3312,,,,,,,,,,,2,0,0,0,0.00%,,,,,,,,,,,2,0,0,0,0.00%,4,0,0,0,0.00%,4,0,0,0,0.00%,3,0,0,0,0.00%,2,0,0,0,0.00%,1,0,0,0,0.00%,2,0,0,0,0.00%,,,,,,1,0,0,0,0.00%
423,3983,,,,,,,,,,,1,0,0,0,0.00%,3,0,0,0,0.00%,2,0,0,0,0.00%,1,0,0,0,0.00%,4,0,0,0,0.00%,1,0,0,0,0.00%,,,,,,1,0,0,0,0.00%,3,0,0,0,0.00%,2,0,0,0,0.00%,2,0,0,0,0.00%,1,0,0,0,0.00%
424,7167,,,,,,,,,,,3,0,0,0,0.00%,1,0,0,0,0.00%,,,,,,2,0,0,0,0.00%,4,0,0,0,0.00%,,,,,,,,,,,,,,,,1,0,0,0,0.00%,,,,,,,,,,,,,,,
425,114056,,,,,,1,0,0,0,0.00%,,,,,,1,0,0,0,0.00%,2,0,0,0,0.00%,3,0,0,0,0.00%,4,0,0,0,0.00%,3,0,0,0,0.00%,2,0,0,0,0.00%,,,,,,1,0,0,0,0.00%,,,,,,1,0,0,0,0.00%,1,0,0,0,0.00%
426,31365,,,,,,3,0,0,0,0.00%,,,,,,,,,,,2,0,0,0,0.00%,,,,,,2,0,0,0,0.00%,2,0,0,0,0.00%,4,1,0,0,25.00%,1,0,0,0,0.00%,,,,,,3,0,0,0,0.00%,1,0,0,0,0.00%,,,,,
427,112184,,,,,,2,0,0,0,0.00%,,,,,,2,0,0,0,0.00%,1,0,0,0,0.00%,2,0,0,0,0.00%,,,,,,,,,,,4,0,1,1,25.00%,2,0,0,0,0.00%,2,0,0,0,0.00%,1,0,0,0,0.00%,2,0,0,0,0.00%,1,0,0,0,0.00%
428,110692,,,,,,,,,,,,,,,,1,0,0,0,0.00%,,,,,,3,0,0,0,0.00%,2,0,0,0,0.00%,3,0,2,3,66.67%,,,,,,3,0,0,0,0.00%,4,0,0,0,0.00%,,,,,,,,,,,,,,,
429,30386,,,,,,2,0,0,0,0.00%,1,0,0,0,0.00%,2,0,0,0,0.00%,2,0,0,0,0.00%,2,0,0,0,0.00%,2,0,0,0,0.00%,1,0,0,0,0.00%,2,0,0,0,0.00%,3,0,0,0,0.00%,,,,,,4,0,0,0,0.00%,1,0,0,0,0.00%,4,0,0,0,0.00%
430,114046,,,,,,,,,,,,,,,,,,,,,,,,,,3,0,0,0,0.00%,1,0,0,0,0.00%,,,,,,,,,,,,,,,,,,,,,,,,,,4,0,0,0,0.00%,1,0,0,0,0.00%
431,105990,,,,,,,,,,,,,,,,,,,,,1,0,0,0,0.00%,1,0,0,0,0.00%,,,,,,1,0,0,0,0.00%,,,,,,,,,,,,,,,,2,0,0,0,0.00%,1,0,0,0,0.00%,4,0,0,0,0.00%
432,111421,,,,,,,,,,,,,,,,,,,,,,,,,,,,,,,3,0,0,0,0.00%,1,0,0,0,0.00%,1,0,0,0,0.00%,1,0,0,0,0.00%,,,,,,,,,,,3,0,0,0,0.00%,4,0,0,0,0.00%
433,113181,,,,,,,,,,,3,0,0,0,0.00%,1,0,0,0,0.00%,,,,,,,,,,,1,0,0,0,0.00%,,,,,,,,,,,,,,,,2,0,0,0,0.00%,,,,,,,,,,,,,,,
434,113626,,,,,,1,0,0,0,0.00%,1,0,0,0,0.00%,2,0,0,0,0.00%,3,0,0,0,0.00%,2,0,0,0,0.00%,3,0,0,0,0.00%,2,0,0,0,0.00%,,,,,,,,,,,,,,,,,,,,,,,,,,,,,,
435,114068,,,,,,1,0,1,1,100.00%,,,,,,1,0,0,0,0.00%,3,0,0,0,0.00%,1,0,0,0,0.00%,3,0,0,0,0.00%,,,,,,,,,,,,,,,,2,0,0,0,0.00%,2,0,0,0,0.00%,,,,,,,,,,
436,15569,,,,,,2,0,0,0,0.00%,1,0,0,0,0.00%,,,,,,,,,,,3,0,0,0,0.00%,2,0,0,0,0.00%,2,0,0,0,0.00%,1,0,0,0,0.00%,,,,,,1,0,0,0,0.00%,2,0,0,0,0.00%,2,0,0,0,0.00%,,,,,
437,15797,,,,,,,,,,,1,0,0,0,0.00%,2,0,0,0,0.00%,2,0,0,0,0.00%,3,0,0,0,0.00%,,,,,,2,0,0,0,0.00%,1,0,0,0,0.00%,,,,,,2,0,0,0,0.00%,3,0,0,0,0.00%,1,0,0,0,0.00%,2,0,0,0,0.00%
438,23928,,,,,,,,,,,,,,,,,,,,,,,,,,3,0,0,0,0.00%,2,0,0,0,0.00%,2,0,0,0,0.00%,,,,,,3,0,1,1,33.33%,2,0,0,0,0.00%,,,,,,1,0,0,0,0.00%,2,0,0,0,0.00%
439,110266,,,,,,1,0,0,0,0.00%,,,,,,,,,,,1,0,0,0,0.00%,,,,,,,,,,,,,,,,1,0,0,0,0.00%,1,0,1,1,100.00%,,,,,,3,0,0,0,0.00%,3,0,0,0,0.00%,,,,,
440,113693,,,,,,2,0,0,0,0.00%,,,,,,,,,,,,,,,,1,0,0,0,0.00%,,,,,,1,0,0,0,0.00%,,,,,,2,0,0,0,0.00%,,,,,,3,0,0,0,0.00%,1,0,0,0,0.00%,,,,,
441,112212,,,,,,,,,,,1,0,0,0,0.00%,1,0,0,0,0.00%,1,0,0,0,0.00%,1,0,0,0,0.00%,1,0,0,0,0.00%,1,0,0,0,0.00%,,,,,,1,0,0,0,0.00%,2,0,0,0,0.00%,1,0,0,0,0.00%,3,0,0,0,0.00%,,,,,
442,113054,,,,,,2,0,0,0,0.00%,,,,,,,,,,,2,0,0,0,0.00%,1,0,0,0,0.00%,2,0,0,0,0.00%,,,,,,,,,,,1,0,0,0,0.00%,1,0,0,0,0.00%,,,,,,3,0,0,0,0.00%,3,0,0,0,0.00%
443,49331,,,,,,2,0,0,0,0.00%,1,0,0,0,0.00%,1,0,0,0,0.00%,,,,,,2,0,0,0,0.00%,2,0,0,0,0.00%,,,,,,,,,,,,,,,,,,,,,,,,,,2,0,0,0,0.00%,1,0,0,0,0.00%
444,109996,,,,,,2,0,1,1,50.00%,1,0,0,0,0.00%,,,,,,1,0,0,0,0.00%,,,,,,,,,,,1,0,0,0,0.00%,,,,,,,,,,,,,,,,1,0,0,0,0.00%,1,0,0,0,0.00%,1,0,0,0,0.00%
445,113779,,,,,,2,0,0,0,0.00%,,,,,,,,,,,,,,,,,,,,,,,,,,,,,,,,,,,,,,,,,,,,,,,,,,,,,,,,1,0,0,0,0.00%
446,12021,,,,,,,,,,,2,0,0,0,0.00%,,,,,,,,,,,,,,,,,,,,,,,,,,,,,,,,,,,,,,,,,,,,,,,,,,,,,,,
447,108669,,,,,,,,,,,2,0,0,0,0.00%,,,,,,1,0,0,0,0.00%,,,,,,1,0,0,0,0.00%,1,0,0,0,0.00%,,,,,,,,,,,,,,,,,,,,,,,,,,2,0,0,0,0.00%
448,113885,,,,,,1,0,0,0,0.00%,2,0,0,0,0.00%,1,0,0,0,0.00%,,,,,,2,0,0,0,0.00%,,,,,,2,0,0,0,0.00%,,,,,,1,0,0,0,0.00%,2,0,0,0,0.00%,2,0,0,0,0.00%,1,0,0,0,0.00%,,,,,
449,113178,,,,,,,,,,,,,,,,2,0,0,0,0.00%,1,0,0,0,0.00%,,,,,,2,0,0,0,0.00%,,,,,,,,,,,2,0,0,0,0.00%,2,0,0,0,0.00%,,,,,,1,0,0,0,0.00%,1,0,0,0,0.00%
450,49581,,,,,,,,,,,,,,,,,,,,,2,0,0,0,0.00%,,,,,,,,,,,,,,,,,,,,,,,,,,,,,,,,,,,,,,,,,,,,,
451,113011,,,,,,,,,,,,,,,,,,,,,,,,,,2,0,0,0,0.00%,,,,,,1,0,0,0,0.00%,2,0,0,0,0.00%,,,,,,,,,,,,,,,,1,0,0,0,0.00%,2,0,0,0,0.00%
452,113849,,,,,,,,,,,,,,,,,,,,,1,0,0,0,0.00%,2,0,0,0,0.00%,2,0,0,0,0.00%,1,0,0,0,0.00%,1,0,0,0,0.00%,,,,,,,,,,,,,,,,,,,,,2,0,0,0,0.00%
453,114178,,,,,,1,0,0,0,0.00%,1,0,0,0,0.00%,1,0,0,0,0.00%,,,,,,2,0,0,0,0.00%,1,0,0,0,0.00%,,,,,,,,,,,,,,,,,,,,,,,,,,,,,,,,,,,
454,48778,,,,,,1,0,0,0,0.00%,1,0,1,2,100.00%,,,,,,,,,,,,,,,,2,0,0,0,0.00%,,,,,,1,0,0,0,0.00%,,,,,,,,,,,,,,,,,,,,,,,,,
455,113728,,,,,,,,,,,1,0,0,0,0.00%,,,,,,,,,,,,,,,,2,0,0,0,0.00%,,,,,,,,,,,,,,,,,,,,,1,0,0,0,0.00%,,,,,,,,,,
456,112776,,,,,,,,,,,,,,,,1,0,0,0,0.00%,,,,,,1,0,0,0,0.00%,1,1,0,0,100.00%,2,0,0,0,0.00%,,,,,,,,,,,,,,,,,,,,,,,,,,1,0,0,0,0.00%
457,114096,,,,,,,,,,,,,,,,,,,,,,,,,,,,,,,,,,,,2,0,0,0,0.00%,,,,,,,,,,,,,,,,,,,,,,,,,,,,,,
458,8557,,,,,,1,0,0,0,0.00%,,,,,,,,,,,1,0,0,0,0.00%,,,,,,,,,,,,,,,,2,0,0,0,0.00%,,,,,,,,,,,,,,,,1,0,0,0,0.00%,2,0,0,0,0.00%
459,105460,,,,,,,,,,,,,,,,,,,,,,,,,,,,,,,,,,,,,,,,,,,,,,,,,,,2,1,0,0,50.00%,,,,,,,,,,,,,,,
460,6701,,,,,,,,,,,,,,,,1,0,0,0,0.00%,,,,,,,,,,,1,0,0,0,0.00%,,,,,,,,,,,1,0,0,0,0.00%,1,0,0,0,0.00%,,,,,,2,0,0,0,0.00%,,,,,
461,14255,,,,,,,,,,,,,,,,,,,,,,,,,,,,,,,,,,,,,,,,,,,,,,,,,,,,,,,,,,,,,,,,,,2,0,0,0,0.00%
462,32680,,,,,,,,,,,,,,,,,,,,,,,,,,,,,,,,,,,,,,,,,,,,,,,,,,,,,,,,1,0,0,0,0.00%,1,0,0,0,0.00%,2,0,0,0,0.00%
463,112460,,,,,,1,0,0,0,0.00%,,,,,,,,,,,,,,,,1,0,0,0,0.00%,1,0,0,0,0.00%,1,0,0,0,0.00%,,,,,,,,,,,,,,,,1,0,0,0,0.00%,,,,,,2,0,0,0,0.00%
464,20674,,,,,,1,0,0,0,0.00%,,,,,,,,,,,,,,,,,,,,,,,,,,,,,,,,,,,,,,,,,,,,,,,,,,,,,,,,,,,,
465,113990,,,,,,1,1,0,0,100.00%,,,,,,,,,,,,,,,,,,,,,,,,,,,,,,,,,,,,,,,,,,,,,,,,,,,,,,,,,,,,
466,114015,,,,,,1,0,0,0,0.00%,1,0,0,0,0.00%,1,0,0,0,0.00%,1,0,0,0,0.00%,1,0,0,0,0.00%,,,,,,1,0,0,0,0.00%,,,,,,,,,,,,,,,,,,,,,,,,,,,,,,
467,53951,,,,,,,,,,,1,0,0,0,0.00%,,,,,,,,,,,,,,,,,,,,,,,,,,,,,,,,,,,,,,,,,,,,,,,,,,,,,,,
468,113295,,,,,,,,,,,1,0,0,0,0.00%,,,,,,,,,,,,,,,,,,,,,1,0,0,0,0.00%,,,,,,,,,,,,,,,,1,0,0,0,0.00%,,,,,,,,,,
469,113568,,,,,,,,,,,1,0,0,0,0.00%,,,,,,,,,,,,,,,,,,,,,,,,,,,,,,,,,,,,,,,,,,,,,,,,,,,,,,,
470,114098,,,,,,,,,,,,,,,,1,0,0,0,0.00%,,,,,,,,,,,,,,,,,,,,,,,,,,,,,,,,,,,,,,,,,,,,,,,,,,
471,111666,,,,,,,,,,,,,,,,,,,,,1,0,0,0,0.00%,,,,,,,,,,,,,,,,,,,,,,,,,,,,,,,,,,,,,,,,,,,,,
472,112425,,,,,,,,,,,,,,,,,,,,,1,0,0,0,0.00%,,,,,,,,,,,,,,,,,,,,,,,,,,,,,,,,,,,,,,,,,,,,,
473,112279,,,,,,,,,,,,,,,,,,,,,,,,,,1,0,0,0,0.00%,,,,,,1,0,0,0,0.00%,,,,,,,,,,,,,,,,,,,,,1,0,0,0,0.00%,,,,,
474,112324,,,,,,,,,,,,,,,,,,,,,,,,,,1,0,0,0,0.00%,,,,,,,,,,,,,,,,,,,,,,,,,,,,,,,,,,,,,,,,
475,114000,,,,,,,,,,,,,,,,,,,,,,,,,,1,0,0,0,0.00%,,,,,,,,,,,,,,,,,,,,,,,,,,,,,,,,,,,,,,,,
476,10841,,,,,,,,,,,,,,,,,,,,,,,,,,,,,,,,,,,,,,,,,1,0,0,0,0.00%,,,,,,,,,,,,,,,,,,,,,,,,,
477,17833,,,,,,,,,,,,,,,,,,,,,,,,,,,,,,,,,,,,,,,,,1,0,0,0,0.00%,,,,,,,,,,,,,,,,,,,,,,,,,
478,113848,,,,,,,,,,,,,,,,,,,,,,,,,,,,,,,,,,,,,,,,,1,0,0,0,0.00%,,,,,,,,,,,,,,,,,,,,,,,,,
479,46211,,,,,,,,,,,,,,,,,,,,,,,,,,,,,,,,,,,,,,,,,,,,,,1,0,0,0,0.00%,,,,,,,,,,,,,,,,,,,,
480,21428,,,,,,,,,,,,,,,,,,,,,,,,,,,,,,,,,,,,,,,,,,,,,,,,,,,1,0,0,0,0.00%,,,,,,,,,,,,,,,
481,112916,,,,,,,,,,,,,,,,,,,,,,,,,,,,,,,,,,,,,,,,,,,,,,,,,,,1,0,0,0,0.00%,,,,,,,,,,,,,,,
,,555,1,17,23,3.24%,"4,610",15,117,143,2.86%,"3,830",19,75,101,2.45%,"3,314",11,69,82,2.41%,"5,438",24,90,126,2.10%,"6,571",24,113,130,2.08%,"7,319",31,114,154,1.98%,"4,982",13,86,135,1.99%,"4,427",21,93,114,2.58%,"3,878",11,83,93,2.42%,"3,450",9,69,97,2.26%,"5,246",12,82,100,1.79%,"6,677",25,106,131,1.96%,"7,697",15,120,150,1.75%
